"Strategies","left","rope","right"
"BR-C5.0 x BR+-C5.0",0.56,0.44,0
"BR-C5.0 x CC-C5.0",0.01,0.99,0
"BR-C5.0 x DBR-C5.0",0.83,0.16,0.01
"BR-C5.0 x EBR-C5.0",0.01,0,0.99
"BR-C5.0 x ECC-C5.0",0.01,0,0.99
"BR-C5.0 x MBR-C5.0",0,0.99,0
"BR-C5.0 x NS-C5.0",0,0.97,0.03
"BR-C5.0 x PruDent-C5.0",0,0.87,0.13
"BR-C5.0 x RDBR-C5.0",0.5,0.5,0.01
"BR-C5.0 x BR-LR",0,0,1
"BR-C5.0 x BR+-LR",0,0,1
"BR-C5.0 x CC-LR",0,0,1
"BR-C5.0 x DBR-LR",0,0,1
"BR-C5.0 x EBR-LR",0.06,0,0.94
"BR-C5.0 x ECC-LR",0.08,0,0.92
"BR-C5.0 x MBR-LR",0,0,1
"BR-C5.0 x NS-LR",0,0,1
"BR-C5.0 x PruDent-LR",0,0,1
"BR-C5.0 x RDBR-LR",0,0,1
"BR-C5.0 x BR-RF",0,0,1
"BR-C5.0 x BR+-RF",0,0,1
"BR-C5.0 x CC-RF",0,0,1
"BR-C5.0 x DBR-RF",0,0,1
"BR-C5.0 x EBR-RF",0,0,1
"BR-C5.0 x ECC-RF",0,0,1
"BR-C5.0 x MBR-RF",0,0,1
"BR-C5.0 x NS-RF",0,0,1
"BR-C5.0 x PruDent-RF",0,0,1
"BR-C5.0 x RDBR-RF",0,0,1
"BR-C5.0 x BR-SVM",0,0,1
"BR-C5.0 x BR+-SVM",0,0,1
"BR-C5.0 x CC-SVM",0,0,1
"BR-C5.0 x DBR-SVM",0,0,1
"BR-C5.0 x EBR-SVM",0.04,0,0.96
"BR-C5.0 x ECC-SVM",0.04,0,0.96
"BR-C5.0 x MBR-SVM",0,0,1
"BR-C5.0 x NS-SVM",0,0,1
"BR-C5.0 x PruDent-SVM",0,0,1
"BR-C5.0 x RDBR-SVM",0,0,1
"BR-C5.0 x BR-SVMt",0,0,1
"BR-C5.0 x BR+-SVMt",0,0,1
"BR-C5.0 x CC-SVMt",0,0,1
"BR-C5.0 x DBR-SVMt",0,0,1
"BR-C5.0 x EBR-SVMt",0.01,0,0.99
"BR-C5.0 x ECC-SVMt",0.01,0,0.99
"BR-C5.0 x MBR-SVMt",0,0,1
"BR-C5.0 x NS-SVMt",0,0,1
"BR-C5.0 x PruDent-SVMt",0,0,1
"BR-C5.0 x RDBR-SVMt",0,0,1
"BR-C5.0 x BR-XGB",0,0,1
"BR-C5.0 x BR+-XGB",0,0,1
"BR-C5.0 x CC-XGB",0,0,1
"BR-C5.0 x DBR-XGB",0,0,1
"BR-C5.0 x EBR-XGB",0,0,1
"BR-C5.0 x ECC-XGB",0,0,1
"BR-C5.0 x MBR-XGB",0,0,1
"BR-C5.0 x NS-XGB",0,0,1
"BR-C5.0 x PruDent-XGB",0,0,1
"BR-C5.0 x RDBR-XGB",0,0,1
"BR+-C5.0 x CC-C5.0",0,0.95,0.05
"BR+-C5.0 x DBR-C5.0",0.31,0.68,0
"BR+-C5.0 x EBR-C5.0",0.01,0,0.99
"BR+-C5.0 x ECC-C5.0",0.01,0,0.99
"BR+-C5.0 x MBR-C5.0",0.05,0.33,0.63
"BR+-C5.0 x NS-C5.0",0.01,0.04,0.95
"BR+-C5.0 x PruDent-C5.0",0,0.05,0.95
"BR+-C5.0 x RDBR-C5.0",0,1,0
"BR+-C5.0 x BR-LR",0,0,1
"BR+-C5.0 x BR+-LR",0,0,1
"BR+-C5.0 x CC-LR",0,0,1
"BR+-C5.0 x DBR-LR",0,0,1
"BR+-C5.0 x EBR-LR",0.05,0,0.95
"BR+-C5.0 x ECC-LR",0.06,0,0.94
"BR+-C5.0 x MBR-LR",0,0,1
"BR+-C5.0 x NS-LR",0,0,1
"BR+-C5.0 x PruDent-LR",0,0,1
"BR+-C5.0 x RDBR-LR",0,0,1
"BR+-C5.0 x BR-RF",0,0,1
"BR+-C5.0 x BR+-RF",0,0,1
"BR+-C5.0 x CC-RF",0,0,1
"BR+-C5.0 x DBR-RF",0,0,1
"BR+-C5.0 x EBR-RF",0,0,1
"BR+-C5.0 x ECC-RF",0,0,1
"BR+-C5.0 x MBR-RF",0,0,1
"BR+-C5.0 x NS-RF",0,0,1
"BR+-C5.0 x PruDent-RF",0,0,1
"BR+-C5.0 x RDBR-RF",0,0,1
"BR+-C5.0 x BR-SVM",0,0,1
"BR+-C5.0 x BR+-SVM",0,0,1
"BR+-C5.0 x CC-SVM",0,0,1
"BR+-C5.0 x DBR-SVM",0,0,1
"BR+-C5.0 x EBR-SVM",0.03,0,0.97
"BR+-C5.0 x ECC-SVM",0.02,0,0.98
"BR+-C5.0 x MBR-SVM",0,0,1
"BR+-C5.0 x NS-SVM",0,0,1
"BR+-C5.0 x PruDent-SVM",0,0,1
"BR+-C5.0 x RDBR-SVM",0,0,1
"BR+-C5.0 x BR-SVMt",0,0,1
"BR+-C5.0 x BR+-SVMt",0,0,1
"BR+-C5.0 x CC-SVMt",0,0,1
"BR+-C5.0 x DBR-SVMt",0,0,1
"BR+-C5.0 x EBR-SVMt",0.01,0,0.99
"BR+-C5.0 x ECC-SVMt",0.01,0,0.99
"BR+-C5.0 x MBR-SVMt",0,0,1
"BR+-C5.0 x NS-SVMt",0,0,1
"BR+-C5.0 x PruDent-SVMt",0,0,1
"BR+-C5.0 x RDBR-SVMt",0,0,1
"BR+-C5.0 x BR-XGB",0,0,1
"BR+-C5.0 x BR+-XGB",0,0,1
"BR+-C5.0 x CC-XGB",0,0,1
"BR+-C5.0 x DBR-XGB",0,0,1
"BR+-C5.0 x EBR-XGB",0,0,1
"BR+-C5.0 x ECC-XGB",0,0,1
"BR+-C5.0 x MBR-XGB",0,0,1
"BR+-C5.0 x NS-XGB",0,0,1
"BR+-C5.0 x PruDent-XGB",0,0,1
"BR+-C5.0 x RDBR-XGB",0,0,1
"CC-C5.0 x DBR-C5.0",0.53,0.46,0
"CC-C5.0 x EBR-C5.0",0.01,0,0.99
"CC-C5.0 x ECC-C5.0",0.01,0,0.99
"CC-C5.0 x MBR-C5.0",0.01,0.97,0.02
"CC-C5.0 x NS-C5.0",0,0.72,0.27
"CC-C5.0 x PruDent-C5.0",0.01,0.69,0.31
"CC-C5.0 x RDBR-C5.0",0.07,0.9,0.03
"CC-C5.0 x BR-LR",0,0,1
"CC-C5.0 x BR+-LR",0,0,1
"CC-C5.0 x CC-LR",0,0,1
"CC-C5.0 x DBR-LR",0,0,1
"CC-C5.0 x EBR-LR",0.05,0,0.95
"CC-C5.0 x ECC-LR",0.06,0,0.94
"CC-C5.0 x MBR-LR",0,0,1
"CC-C5.0 x NS-LR",0,0,1
"CC-C5.0 x PruDent-LR",0,0,1
"CC-C5.0 x RDBR-LR",0,0,1
"CC-C5.0 x BR-RF",0,0,1
"CC-C5.0 x BR+-RF",0,0,1
"CC-C5.0 x CC-RF",0,0,1
"CC-C5.0 x DBR-RF",0,0,1
"CC-C5.0 x EBR-RF",0,0,1
"CC-C5.0 x ECC-RF",0,0,1
"CC-C5.0 x MBR-RF",0,0,1
"CC-C5.0 x NS-RF",0,0,1
"CC-C5.0 x PruDent-RF",0,0,1
"CC-C5.0 x RDBR-RF",0,0,1
"CC-C5.0 x BR-SVM",0,0,1
"CC-C5.0 x BR+-SVM",0,0,1
"CC-C5.0 x CC-SVM",0,0,1
"CC-C5.0 x DBR-SVM",0,0,1
"CC-C5.0 x EBR-SVM",0.03,0,0.97
"CC-C5.0 x ECC-SVM",0.02,0,0.98
"CC-C5.0 x MBR-SVM",0,0,1
"CC-C5.0 x NS-SVM",0,0,1
"CC-C5.0 x PruDent-SVM",0,0,1
"CC-C5.0 x RDBR-SVM",0,0,1
"CC-C5.0 x BR-SVMt",0,0,1
"CC-C5.0 x BR+-SVMt",0,0,1
"CC-C5.0 x CC-SVMt",0,0,1
"CC-C5.0 x DBR-SVMt",0,0,1
"CC-C5.0 x EBR-SVMt",0.01,0,0.99
"CC-C5.0 x ECC-SVMt",0.01,0,0.99
"CC-C5.0 x MBR-SVMt",0,0,1
"CC-C5.0 x NS-SVMt",0,0,1
"CC-C5.0 x PruDent-SVMt",0,0,1
"CC-C5.0 x RDBR-SVMt",0,0,1
"CC-C5.0 x BR-XGB",0,0,1
"CC-C5.0 x BR+-XGB",0,0,1
"CC-C5.0 x CC-XGB",0,0,1
"CC-C5.0 x DBR-XGB",0,0,1
"CC-C5.0 x EBR-XGB",0,0,1
"CC-C5.0 x ECC-XGB",0,0,1
"CC-C5.0 x MBR-XGB",0,0,1
"CC-C5.0 x NS-XGB",0,0,1
"CC-C5.0 x PruDent-XGB",0,0,1
"CC-C5.0 x RDBR-XGB",0,0,1
"DBR-C5.0 x EBR-C5.0",0.01,0,0.99
"DBR-C5.0 x ECC-C5.0",0.01,0,0.99
"DBR-C5.0 x MBR-C5.0",0.03,0.14,0.83
"DBR-C5.0 x NS-C5.0",0.02,0,0.98
"DBR-C5.0 x PruDent-C5.0",0.01,0,0.99
"DBR-C5.0 x RDBR-C5.0",0,0.83,0.17
"DBR-C5.0 x BR-LR",0,0,1
"DBR-C5.0 x BR+-LR",0,0,1
"DBR-C5.0 x CC-LR",0,0,1
"DBR-C5.0 x DBR-LR",0,0,1
"DBR-C5.0 x EBR-LR",0.04,0,0.96
"DBR-C5.0 x ECC-LR",0.05,0,0.95
"DBR-C5.0 x MBR-LR",0,0,1
"DBR-C5.0 x NS-LR",0,0,1
"DBR-C5.0 x PruDent-LR",0,0,1
"DBR-C5.0 x RDBR-LR",0,0,1
"DBR-C5.0 x BR-RF",0,0,1
"DBR-C5.0 x BR+-RF",0,0,1
"DBR-C5.0 x CC-RF",0,0,1
"DBR-C5.0 x DBR-RF",0,0,1
"DBR-C5.0 x EBR-RF",0,0,1
"DBR-C5.0 x ECC-RF",0,0,1
"DBR-C5.0 x MBR-RF",0,0,1
"DBR-C5.0 x NS-RF",0,0,1
"DBR-C5.0 x PruDent-RF",0,0,1
"DBR-C5.0 x RDBR-RF",0,0,1
"DBR-C5.0 x BR-SVM",0,0,1
"DBR-C5.0 x BR+-SVM",0,0,1
"DBR-C5.0 x CC-SVM",0,0,1
"DBR-C5.0 x DBR-SVM",0,0,1
"DBR-C5.0 x EBR-SVM",0.02,0,0.98
"DBR-C5.0 x ECC-SVM",0.02,0,0.98
"DBR-C5.0 x MBR-SVM",0,0,1
"DBR-C5.0 x NS-SVM",0,0,1
"DBR-C5.0 x PruDent-SVM",0,0,1
"DBR-C5.0 x RDBR-SVM",0,0,1
"DBR-C5.0 x BR-SVMt",0,0,1
"DBR-C5.0 x BR+-SVMt",0,0,1
"DBR-C5.0 x CC-SVMt",0,0,1
"DBR-C5.0 x DBR-SVMt",0,0,1
"DBR-C5.0 x EBR-SVMt",0.01,0,0.99
"DBR-C5.0 x ECC-SVMt",0.01,0,0.99
"DBR-C5.0 x MBR-SVMt",0,0,1
"DBR-C5.0 x NS-SVMt",0,0,1
"DBR-C5.0 x PruDent-SVMt",0,0,1
"DBR-C5.0 x RDBR-SVMt",0,0,1
"DBR-C5.0 x BR-XGB",0,0,1
"DBR-C5.0 x BR+-XGB",0,0,1
"DBR-C5.0 x CC-XGB",0,0,1
"DBR-C5.0 x DBR-XGB",0,0,1
"DBR-C5.0 x EBR-XGB",0,0,1
"DBR-C5.0 x ECC-XGB",0,0,1
"DBR-C5.0 x MBR-XGB",0,0,1
"DBR-C5.0 x NS-XGB",0,0,1
"DBR-C5.0 x PruDent-XGB",0,0,1
"DBR-C5.0 x RDBR-XGB",0,0,1
"EBR-C5.0 x ECC-C5.0",0,0.98,0.01
"EBR-C5.0 x MBR-C5.0",1,0,0
"EBR-C5.0 x NS-C5.0",0.98,0,0.02
"EBR-C5.0 x PruDent-C5.0",0.96,0,0.04
"EBR-C5.0 x RDBR-C5.0",0.99,0,0.01
"EBR-C5.0 x BR-LR",0,0,1
"EBR-C5.0 x BR+-LR",0,0,1
"EBR-C5.0 x CC-LR",0,0,1
"EBR-C5.0 x DBR-LR",0.01,0,0.99
"EBR-C5.0 x EBR-LR",0.15,0,0.85
"EBR-C5.0 x ECC-LR",0.21,0,0.79
"EBR-C5.0 x MBR-LR",0,0,1
"EBR-C5.0 x NS-LR",0,0,1
"EBR-C5.0 x PruDent-LR",0,0,1
"EBR-C5.0 x RDBR-LR",0.01,0,0.99
"EBR-C5.0 x BR-RF",0,0,1
"EBR-C5.0 x BR+-RF",0,0,1
"EBR-C5.0 x CC-RF",0,0,1
"EBR-C5.0 x DBR-RF",0,0,1
"EBR-C5.0 x EBR-RF",0,0,1
"EBR-C5.0 x ECC-RF",0,0,1
"EBR-C5.0 x MBR-RF",0,0,1
"EBR-C5.0 x NS-RF",0,0,1
"EBR-C5.0 x PruDent-RF",0,0,1
"EBR-C5.0 x RDBR-RF",0,0,1
"EBR-C5.0 x BR-SVM",0,0,1
"EBR-C5.0 x BR+-SVM",0.01,0,0.99
"EBR-C5.0 x CC-SVM",0,0,1
"EBR-C5.0 x DBR-SVM",0.01,0,0.99
"EBR-C5.0 x EBR-SVM",0.1,0,0.9
"EBR-C5.0 x ECC-SVM",0.09,0,0.91
"EBR-C5.0 x MBR-SVM",0,0,1
"EBR-C5.0 x NS-SVM",0,0,1
"EBR-C5.0 x PruDent-SVM",0,0,1
"EBR-C5.0 x RDBR-SVM",0,0,1
"EBR-C5.0 x BR-SVMt",0,0,1
"EBR-C5.0 x BR+-SVMt",0,0,1
"EBR-C5.0 x CC-SVMt",0,0,1
"EBR-C5.0 x DBR-SVMt",0,0,1
"EBR-C5.0 x EBR-SVMt",0.01,0,0.99
"EBR-C5.0 x ECC-SVMt",0.01,0,0.99
"EBR-C5.0 x MBR-SVMt",0,0,1
"EBR-C5.0 x NS-SVMt",0,0,1
"EBR-C5.0 x PruDent-SVMt",0,0,1
"EBR-C5.0 x RDBR-SVMt",0,0,1
"EBR-C5.0 x BR-XGB",0,0,1
"EBR-C5.0 x BR+-XGB",0,0,1
"EBR-C5.0 x CC-XGB",0,0,1
"EBR-C5.0 x DBR-XGB",0,0,1
"EBR-C5.0 x EBR-XGB",0,0,1
"EBR-C5.0 x ECC-XGB",0,0,1
"EBR-C5.0 x MBR-XGB",0,0,1
"EBR-C5.0 x NS-XGB",0,0,1
"EBR-C5.0 x PruDent-XGB",0,0,1
"EBR-C5.0 x RDBR-XGB",0,0,1
"ECC-C5.0 x MBR-C5.0",0.99,0,0.01
"ECC-C5.0 x NS-C5.0",0.99,0,0.01
"ECC-C5.0 x PruDent-C5.0",0.98,0,0.02
"ECC-C5.0 x RDBR-C5.0",0.99,0,0.01
"ECC-C5.0 x BR-LR",0,0,1
"ECC-C5.0 x BR+-LR",0,0,1
"ECC-C5.0 x CC-LR",0,0,1
"ECC-C5.0 x DBR-LR",0,0,1
"ECC-C5.0 x EBR-LR",0.18,0,0.82
"ECC-C5.0 x ECC-LR",0.26,0,0.74
"ECC-C5.0 x MBR-LR",0,0,1
"ECC-C5.0 x NS-LR",0.01,0,0.99
"ECC-C5.0 x PruDent-LR",0,0,1
"ECC-C5.0 x RDBR-LR",0,0,1
"ECC-C5.0 x BR-RF",0,0,1
"ECC-C5.0 x BR+-RF",0,0,1
"ECC-C5.0 x CC-RF",0,0,1
"ECC-C5.0 x DBR-RF",0,0,1
"ECC-C5.0 x EBR-RF",0,0,1
"ECC-C5.0 x ECC-RF",0,0,1
"ECC-C5.0 x MBR-RF",0,0,1
"ECC-C5.0 x NS-RF",0,0,1
"ECC-C5.0 x PruDent-RF",0,0,1
"ECC-C5.0 x RDBR-RF",0,0,1
"ECC-C5.0 x BR-SVM",0,0,1
"ECC-C5.0 x BR+-SVM",0,0,1
"ECC-C5.0 x CC-SVM",0,0,1
"ECC-C5.0 x DBR-SVM",0,0,1
"ECC-C5.0 x EBR-SVM",0.15,0,0.85
"ECC-C5.0 x ECC-SVM",0.17,0,0.83
"ECC-C5.0 x MBR-SVM",0,0,1
"ECC-C5.0 x NS-SVM",0.01,0,0.99
"ECC-C5.0 x PruDent-SVM",0,0,1
"ECC-C5.0 x RDBR-SVM",0,0,1
"ECC-C5.0 x BR-SVMt",0,0,1
"ECC-C5.0 x BR+-SVMt",0,0,1
"ECC-C5.0 x CC-SVMt",0,0,1
"ECC-C5.0 x DBR-SVMt",0,0,1
"ECC-C5.0 x EBR-SVMt",0.01,0,0.99
"ECC-C5.0 x ECC-SVMt",0.02,0,0.98
"ECC-C5.0 x MBR-SVMt",0,0,1
"ECC-C5.0 x NS-SVMt",0,0,1
"ECC-C5.0 x PruDent-SVMt",0,0,1
"ECC-C5.0 x RDBR-SVMt",0,0,1
"ECC-C5.0 x BR-XGB",0,0,1
"ECC-C5.0 x BR+-XGB",0,0,1
"ECC-C5.0 x CC-XGB",0,0,1
"ECC-C5.0 x DBR-XGB",0,0,1
"ECC-C5.0 x EBR-XGB",0,0,1
"ECC-C5.0 x ECC-XGB",0,0,1
"ECC-C5.0 x MBR-XGB",0,0,1
"ECC-C5.0 x NS-XGB",0,0,1
"ECC-C5.0 x PruDent-XGB",0,0,1
"ECC-C5.0 x RDBR-XGB",0,0,1
"MBR-C5.0 x NS-C5.0",0,0.98,0.02
"MBR-C5.0 x PruDent-C5.0",0.05,0.89,0.06
"MBR-C5.0 x RDBR-C5.0",0.57,0.37,0.07
"MBR-C5.0 x BR-LR",0,0,1
"MBR-C5.0 x BR+-LR",0,0,1
"MBR-C5.0 x CC-LR",0,0,1
"MBR-C5.0 x DBR-LR",0,0,1
"MBR-C5.0 x EBR-LR",0.04,0,0.96
"MBR-C5.0 x ECC-LR",0.04,0,0.96
"MBR-C5.0 x MBR-LR",0,0,1
"MBR-C5.0 x NS-LR",0,0,1
"MBR-C5.0 x PruDent-LR",0,0,1
"MBR-C5.0 x RDBR-LR",0,0,1
"MBR-C5.0 x BR-RF",0,0,1
"MBR-C5.0 x BR+-RF",0,0,1
"MBR-C5.0 x CC-RF",0,0,1
"MBR-C5.0 x DBR-RF",0,0,1
"MBR-C5.0 x EBR-RF",0,0,1
"MBR-C5.0 x ECC-RF",0,0,1
"MBR-C5.0 x MBR-RF",0,0,1
"MBR-C5.0 x NS-RF",0,0,1
"MBR-C5.0 x PruDent-RF",0,0,1
"MBR-C5.0 x RDBR-RF",0,0,1
"MBR-C5.0 x BR-SVM",0,0,1
"MBR-C5.0 x BR+-SVM",0,0,1
"MBR-C5.0 x CC-SVM",0,0,1
"MBR-C5.0 x DBR-SVM",0,0,1
"MBR-C5.0 x EBR-SVM",0.02,0,0.98
"MBR-C5.0 x ECC-SVM",0.01,0,0.99
"MBR-C5.0 x MBR-SVM",0,0,1
"MBR-C5.0 x NS-SVM",0,0,1
"MBR-C5.0 x PruDent-SVM",0,0,1
"MBR-C5.0 x RDBR-SVM",0,0,1
"MBR-C5.0 x BR-SVMt",0,0,1
"MBR-C5.0 x BR+-SVMt",0,0,1
"MBR-C5.0 x CC-SVMt",0,0,1
"MBR-C5.0 x DBR-SVMt",0,0,1
"MBR-C5.0 x EBR-SVMt",0.01,0,0.99
"MBR-C5.0 x ECC-SVMt",0.01,0,0.99
"MBR-C5.0 x MBR-SVMt",0,0,1
"MBR-C5.0 x NS-SVMt",0,0,1
"MBR-C5.0 x PruDent-SVMt",0,0,1
"MBR-C5.0 x RDBR-SVMt",0,0,1
"MBR-C5.0 x BR-XGB",0,0,1
"MBR-C5.0 x BR+-XGB",0,0,1
"MBR-C5.0 x CC-XGB",0,0,1
"MBR-C5.0 x DBR-XGB",0,0,1
"MBR-C5.0 x EBR-XGB",0,0,1
"MBR-C5.0 x ECC-XGB",0,0,1
"MBR-C5.0 x MBR-XGB",0,0,1
"MBR-C5.0 x NS-XGB",0,0,1
"MBR-C5.0 x PruDent-XGB",0,0,1
"MBR-C5.0 x RDBR-XGB",0,0,1
"NS-C5.0 x PruDent-C5.0",0.04,0.94,0.02
"NS-C5.0 x RDBR-C5.0",0.9,0.08,0.01
"NS-C5.0 x BR-LR",0,0,1
"NS-C5.0 x BR+-LR",0,0,1
"NS-C5.0 x CC-LR",0,0,1
"NS-C5.0 x DBR-LR",0,0,1
"NS-C5.0 x EBR-LR",0.06,0,0.94
"NS-C5.0 x ECC-LR",0.07,0,0.93
"NS-C5.0 x MBR-LR",0,0,1
"NS-C5.0 x NS-LR",0,0,1
"NS-C5.0 x PruDent-LR",0,0,1
"NS-C5.0 x RDBR-LR",0,0,1
"NS-C5.0 x BR-RF",0,0,1
"NS-C5.0 x BR+-RF",0,0,1
"NS-C5.0 x CC-RF",0,0,1
"NS-C5.0 x DBR-RF",0,0,1
"NS-C5.0 x EBR-RF",0,0,1
"NS-C5.0 x ECC-RF",0,0,1
"NS-C5.0 x MBR-RF",0,0,1
"NS-C5.0 x NS-RF",0,0,1
"NS-C5.0 x PruDent-RF",0,0,1
"NS-C5.0 x RDBR-RF",0,0,1
"NS-C5.0 x BR-SVM",0,0,1
"NS-C5.0 x BR+-SVM",0,0,1
"NS-C5.0 x CC-SVM",0,0,1
"NS-C5.0 x DBR-SVM",0,0,1
"NS-C5.0 x EBR-SVM",0.04,0,0.96
"NS-C5.0 x ECC-SVM",0.04,0,0.96
"NS-C5.0 x MBR-SVM",0,0,1
"NS-C5.0 x NS-SVM",0,0,1
"NS-C5.0 x PruDent-SVM",0,0,1
"NS-C5.0 x RDBR-SVM",0,0,1
"NS-C5.0 x BR-SVMt",0,0,1
"NS-C5.0 x BR+-SVMt",0,0,1
"NS-C5.0 x CC-SVMt",0,0,1
"NS-C5.0 x DBR-SVMt",0,0,1
"NS-C5.0 x EBR-SVMt",0.01,0,0.99
"NS-C5.0 x ECC-SVMt",0.01,0,0.99
"NS-C5.0 x MBR-SVMt",0,0,1
"NS-C5.0 x NS-SVMt",0,0,1
"NS-C5.0 x PruDent-SVMt",0,0,1
"NS-C5.0 x RDBR-SVMt",0,0,1
"NS-C5.0 x BR-XGB",0,0,1
"NS-C5.0 x BR+-XGB",0,0,1
"NS-C5.0 x CC-XGB",0,0,1
"NS-C5.0 x DBR-XGB",0,0,1
"NS-C5.0 x EBR-XGB",0,0,1
"NS-C5.0 x ECC-XGB",0,0,1
"NS-C5.0 x MBR-XGB",0,0,1
"NS-C5.0 x NS-XGB",0,0,1
"NS-C5.0 x PruDent-XGB",0,0,1
"NS-C5.0 x RDBR-XGB",0,0,1
"PruDent-C5.0 x RDBR-C5.0",0.93,0.07,0
"PruDent-C5.0 x BR-LR",0,0,1
"PruDent-C5.0 x BR+-LR",0,0,1
"PruDent-C5.0 x CC-LR",0,0,1
"PruDent-C5.0 x DBR-LR",0,0,1
"PruDent-C5.0 x EBR-LR",0.09,0,0.91
"PruDent-C5.0 x ECC-LR",0.13,0,0.87
"PruDent-C5.0 x MBR-LR",0,0,1
"PruDent-C5.0 x NS-LR",0,0,1
"PruDent-C5.0 x PruDent-LR",0,0,1
"PruDent-C5.0 x RDBR-LR",0,0,1
"PruDent-C5.0 x BR-RF",0,0,1
"PruDent-C5.0 x BR+-RF",0,0,1
"PruDent-C5.0 x CC-RF",0,0,1
"PruDent-C5.0 x DBR-RF",0,0,1
"PruDent-C5.0 x EBR-RF",0,0,1
"PruDent-C5.0 x ECC-RF",0.01,0,0.99
"PruDent-C5.0 x MBR-RF",0,0,1
"PruDent-C5.0 x NS-RF",0,0,1
"PruDent-C5.0 x PruDent-RF",0,0,1
"PruDent-C5.0 x RDBR-RF",0,0,1
"PruDent-C5.0 x BR-SVM",0,0,1
"PruDent-C5.0 x BR+-SVM",0,0,1
"PruDent-C5.0 x CC-SVM",0,0,1
"PruDent-C5.0 x DBR-SVM",0,0,1
"PruDent-C5.0 x EBR-SVM",0.06,0,0.94
"PruDent-C5.0 x ECC-SVM",0.08,0,0.92
"PruDent-C5.0 x MBR-SVM",0,0,1
"PruDent-C5.0 x NS-SVM",0,0,1
"PruDent-C5.0 x PruDent-SVM",0,0,1
"PruDent-C5.0 x RDBR-SVM",0,0,1
"PruDent-C5.0 x BR-SVMt",0,0,1
"PruDent-C5.0 x BR+-SVMt",0,0,1
"PruDent-C5.0 x CC-SVMt",0,0,1
"PruDent-C5.0 x DBR-SVMt",0,0,1
"PruDent-C5.0 x EBR-SVMt",0.03,0,0.97
"PruDent-C5.0 x ECC-SVMt",0.02,0,0.98
"PruDent-C5.0 x MBR-SVMt",0,0,1
"PruDent-C5.0 x NS-SVMt",0,0,1
"PruDent-C5.0 x PruDent-SVMt",0,0,1
"PruDent-C5.0 x RDBR-SVMt",0,0,1
"PruDent-C5.0 x BR-XGB",0,0,1
"PruDent-C5.0 x BR+-XGB",0,0,1
"PruDent-C5.0 x CC-XGB",0,0,1
"PruDent-C5.0 x DBR-XGB",0,0,1
"PruDent-C5.0 x EBR-XGB",0,0,1
"PruDent-C5.0 x ECC-XGB",0,0,1
"PruDent-C5.0 x MBR-XGB",0,0,1
"PruDent-C5.0 x NS-XGB",0,0,1
"PruDent-C5.0 x PruDent-XGB",0,0,1
"PruDent-C5.0 x RDBR-XGB",0,0,1
"RDBR-C5.0 x BR-LR",0,0,1
"RDBR-C5.0 x BR+-LR",0,0,1
"RDBR-C5.0 x CC-LR",0,0,1
"RDBR-C5.0 x DBR-LR",0,0,1
"RDBR-C5.0 x EBR-LR",0.05,0,0.95
"RDBR-C5.0 x ECC-LR",0.05,0,0.95
"RDBR-C5.0 x MBR-LR",0,0,1
"RDBR-C5.0 x NS-LR",0,0,1
"RDBR-C5.0 x PruDent-LR",0,0,1
"RDBR-C5.0 x RDBR-LR",0,0,1
"RDBR-C5.0 x BR-RF",0,0,1
"RDBR-C5.0 x BR+-RF",0,0,1
"RDBR-C5.0 x CC-RF",0,0,1
"RDBR-C5.0 x DBR-RF",0,0,1
"RDBR-C5.0 x EBR-RF",0,0,1
"RDBR-C5.0 x ECC-RF",0,0,1
"RDBR-C5.0 x MBR-RF",0,0,1
"RDBR-C5.0 x NS-RF",0,0,1
"RDBR-C5.0 x PruDent-RF",0,0,1
"RDBR-C5.0 x RDBR-RF",0,0,1
"RDBR-C5.0 x BR-SVM",0,0,1
"RDBR-C5.0 x BR+-SVM",0,0,1
"RDBR-C5.0 x CC-SVM",0,0,1
"RDBR-C5.0 x DBR-SVM",0,0,1
"RDBR-C5.0 x EBR-SVM",0.02,0,0.98
"RDBR-C5.0 x ECC-SVM",0.02,0,0.98
"RDBR-C5.0 x MBR-SVM",0,0,1
"RDBR-C5.0 x NS-SVM",0,0,1
"RDBR-C5.0 x PruDent-SVM",0,0,1
"RDBR-C5.0 x RDBR-SVM",0,0,1
"RDBR-C5.0 x BR-SVMt",0,0,1
"RDBR-C5.0 x BR+-SVMt",0,0,1
"RDBR-C5.0 x CC-SVMt",0,0,1
"RDBR-C5.0 x DBR-SVMt",0,0,1
"RDBR-C5.0 x EBR-SVMt",0.01,0,0.99
"RDBR-C5.0 x ECC-SVMt",0.01,0,0.99
"RDBR-C5.0 x MBR-SVMt",0,0,1
"RDBR-C5.0 x NS-SVMt",0,0,1
"RDBR-C5.0 x PruDent-SVMt",0,0,1
"RDBR-C5.0 x RDBR-SVMt",0,0,1
"RDBR-C5.0 x BR-XGB",0,0,1
"RDBR-C5.0 x BR+-XGB",0,0,1
"RDBR-C5.0 x CC-XGB",0,0,1
"RDBR-C5.0 x DBR-XGB",0,0,1
"RDBR-C5.0 x EBR-XGB",0,0,1
"RDBR-C5.0 x ECC-XGB",0,0,1
"RDBR-C5.0 x MBR-XGB",0,0,1
"RDBR-C5.0 x NS-XGB",0,0,1
"RDBR-C5.0 x PruDent-XGB",0,0,1
"RDBR-C5.0 x RDBR-XGB",0,0,1
"BR-LR x BR+-LR",0.05,0.95,0
"BR-LR x CC-LR",0,1,0
"BR-LR x DBR-LR",0.03,0.97,0
"BR-LR x EBR-LR",1,0,0
"BR-LR x ECC-LR",1,0,0
"BR-LR x MBR-LR",0,1,0
"BR-LR x NS-LR",0,1,0
"BR-LR x PruDent-LR",0,1,0
"BR-LR x RDBR-LR",0.1,0.9,0
"BR-LR x BR-RF",0.29,0.09,0.62
"BR-LR x BR+-RF",0.37,0.19,0.44
"BR-LR x CC-RF",0.3,0.16,0.53
"BR-LR x DBR-RF",0.3,0.05,0.64
"BR-LR x EBR-RF",0.93,0,0.07
"BR-LR x ECC-RF",0.98,0,0.02
"BR-LR x MBR-RF",0.26,0.09,0.66
"BR-LR x NS-RF",0.55,0.06,0.39
"BR-LR x PruDent-RF",0.25,0.09,0.67
"BR-LR x RDBR-RF",0.33,0.3,0.37
"BR-LR x BR-SVM",0,1,0
"BR-LR x BR+-SVM",0.05,0.95,0
"BR-LR x CC-SVM",0,1,0
"BR-LR x DBR-SVM",0.04,0.96,0
"BR-LR x EBR-SVM",1,0,0
"BR-LR x ECC-SVM",1,0,0
"BR-LR x MBR-SVM",0,1,0
"BR-LR x NS-SVM",0,1,0
"BR-LR x PruDent-SVM",0,1,0
"BR-LR x RDBR-SVM",0.07,0.92,0
"BR-LR x BR-SVMt",0.06,0.74,0.2
"BR-LR x BR+-SVMt",0.76,0.13,0.11
"BR-LR x CC-SVMt",0.42,0.23,0.35
"BR-LR x DBR-SVMt",0.74,0.13,0.13
"BR-LR x EBR-SVMt",0.99,0,0.01
"BR-LR x ECC-SVMt",0.99,0,0.01
"BR-LR x MBR-SVMt",0.29,0.53,0.19
"BR-LR x NS-SVMt",0.56,0.06,0.38
"BR-LR x PruDent-SVMt",0.13,0.57,0.3
"BR-LR x RDBR-SVMt",0.63,0.19,0.18
"BR-LR x BR-XGB",0.64,0.21,0.16
"BR-LR x BR+-XGB",0.94,0.03,0.03
"BR-LR x CC-XGB",0.93,0,0.06
"BR-LR x DBR-XGB",0.83,0.06,0.11
"BR-LR x EBR-XGB",0.96,0,0.04
"BR-LR x ECC-XGB",0.98,0,0.02
"BR-LR x MBR-XGB",0.7,0.15,0.15
"BR-LR x NS-XGB",0.96,0.01,0.03
"BR-LR x PruDent-XGB",0.65,0.17,0.18
"BR-LR x RDBR-XGB",0.86,0.1,0.03
"BR+-LR x CC-LR",0,1,0
"BR+-LR x DBR-LR",0,1,0
"BR+-LR x EBR-LR",1,0,0
"BR+-LR x ECC-LR",1,0,0
"BR+-LR x MBR-LR",0,0.96,0.04
"BR+-LR x NS-LR",0.03,0.91,0.06
"BR+-LR x PruDent-LR",0,0.95,0.05
"BR+-LR x RDBR-LR",0,1,0
"BR+-LR x BR-RF",0.07,0.08,0.85
"BR+-LR x BR+-RF",0.1,0.2,0.69
"BR+-LR x CC-RF",0.05,0.17,0.78
"BR+-LR x DBR-RF",0.12,0.06,0.82
"BR+-LR x EBR-RF",0.89,0,0.11
"BR+-LR x ECC-RF",0.95,0,0.05
"BR+-LR x MBR-RF",0.06,0.07,0.87
"BR+-LR x NS-RF",0.31,0.11,0.58
"BR+-LR x PruDent-RF",0.04,0.08,0.88
"BR+-LR x RDBR-RF",0.13,0.24,0.63
"BR+-LR x BR-SVM",0,0.95,0.05
"BR+-LR x BR+-SVM",0,1,0
"BR+-LR x CC-SVM",0,1,0
"BR+-LR x DBR-SVM",0,1,0
"BR+-LR x EBR-SVM",1,0,0
"BR+-LR x ECC-SVM",1,0,0
"BR+-LR x MBR-SVM",0,0.96,0.04
"BR+-LR x NS-SVM",0.01,0.9,0.09
"BR+-LR x PruDent-SVM",0,0.98,0.02
"BR+-LR x RDBR-SVM",0,1,0
"BR+-LR x BR-SVMt",0.07,0.3,0.64
"BR+-LR x BR+-SVMt",0.55,0.28,0.17
"BR+-LR x CC-SVMt",0.37,0.22,0.41
"BR+-LR x DBR-SVMt",0.58,0.24,0.19
"BR+-LR x EBR-SVMt",0.99,0,0.01
"BR+-LR x ECC-SVMt",0.99,0,0.01
"BR+-LR x MBR-SVMt",0.2,0.37,0.42
"BR+-LR x NS-SVMt",0.45,0.13,0.42
"BR+-LR x PruDent-SVMt",0.06,0.23,0.71
"BR+-LR x RDBR-SVMt",0.48,0.37,0.16
"BR+-LR x BR-XGB",0.56,0.3,0.14
"BR+-LR x BR+-XGB",0.89,0.06,0.05
"BR+-LR x CC-XGB",0.92,0.01,0.08
"BR+-LR x DBR-XGB",0.71,0.19,0.1
"BR+-LR x EBR-XGB",0.95,0,0.04
"BR+-LR x ECC-XGB",0.96,0,0.04
"BR+-LR x MBR-XGB",0.63,0.26,0.1
"BR+-LR x NS-XGB",0.93,0.01,0.06
"BR+-LR x PruDent-XGB",0.53,0.35,0.12
"BR+-LR x RDBR-XGB",0.85,0.1,0.05
"CC-LR x DBR-LR",0,1,0
"CC-LR x EBR-LR",1,0,0
"CC-LR x ECC-LR",1,0,0
"CC-LR x MBR-LR",0,1,0
"CC-LR x NS-LR",0,1,0
"CC-LR x PruDent-LR",0,1,0
"CC-LR x RDBR-LR",0,1,0
"CC-LR x BR-RF",0.03,0.06,0.91
"CC-LR x BR+-RF",0.08,0.22,0.7
"CC-LR x CC-RF",0.04,0.15,0.8
"CC-LR x DBR-RF",0.14,0.02,0.83
"CC-LR x EBR-RF",0.9,0,0.1
"CC-LR x ECC-RF",0.96,0,0.04
"CC-LR x MBR-RF",0.04,0.04,0.92
"CC-LR x NS-RF",0.33,0.13,0.55
"CC-LR x PruDent-RF",0.04,0.05,0.91
"CC-LR x RDBR-RF",0.1,0.27,0.63
"CC-LR x BR-SVM",0,1,0
"CC-LR x BR+-SVM",0,1,0
"CC-LR x CC-SVM",0,1,0
"CC-LR x DBR-SVM",0,1,0
"CC-LR x EBR-SVM",1,0,0
"CC-LR x ECC-SVM",1,0,0
"CC-LR x MBR-SVM",0,1,0
"CC-LR x NS-SVM",0,1,0
"CC-LR x PruDent-SVM",0,1,0
"CC-LR x RDBR-SVM",0,1,0
"CC-LR x BR-SVMt",0.06,0.27,0.68
"CC-LR x BR+-SVMt",0.62,0.28,0.1
"CC-LR x CC-SVMt",0.34,0.35,0.32
"CC-LR x DBR-SVMt",0.61,0.27,0.12
"CC-LR x EBR-SVMt",0.99,0,0.01
"CC-LR x ECC-SVMt",0.99,0,0.01
"CC-LR x MBR-SVMt",0.17,0.47,0.36
"CC-LR x NS-SVMt",0.45,0.13,0.42
"CC-LR x PruDent-SVMt",0.06,0.25,0.69
"CC-LR x RDBR-SVMt",0.53,0.34,0.13
"CC-LR x BR-XGB",0.51,0.36,0.14
"CC-LR x BR+-XGB",0.82,0.13,0.04
"CC-LR x CC-XGB",0.93,0.01,0.06
"CC-LR x DBR-XGB",0.61,0.32,0.07
"CC-LR x EBR-XGB",0.97,0,0.03
"CC-LR x ECC-XGB",0.99,0,0.01
"CC-LR x MBR-XGB",0.6,0.29,0.11
"CC-LR x NS-XGB",0.93,0.02,0.05
"CC-LR x PruDent-XGB",0.48,0.39,0.13
"CC-LR x RDBR-XGB",0.72,0.23,0.04
"DBR-LR x EBR-LR",1,0,0
"DBR-LR x ECC-LR",1,0,0
"DBR-LR x MBR-LR",0,0.98,0.02
"DBR-LR x NS-LR",0.02,0.94,0.04
"DBR-LR x PruDent-LR",0,0.99,0.01
"DBR-LR x RDBR-LR",0,1,0
"DBR-LR x BR-RF",0.07,0.09,0.84
"DBR-LR x BR+-RF",0.1,0.2,0.71
"DBR-LR x CC-RF",0.07,0.2,0.73
"DBR-LR x DBR-RF",0.12,0.06,0.82
"DBR-LR x EBR-RF",0.91,0,0.09
"DBR-LR x ECC-RF",0.95,0,0.05
"DBR-LR x MBR-RF",0.05,0.09,0.86
"DBR-LR x NS-RF",0.3,0.12,0.58
"DBR-LR x PruDent-RF",0.06,0.08,0.86
"DBR-LR x RDBR-RF",0.12,0.23,0.65
"DBR-LR x BR-SVM",0,0.98,0.02
"DBR-LR x BR+-SVM",0,1,0
"DBR-LR x CC-SVM",0,0.99,0
"DBR-LR x DBR-SVM",0,1,0
"DBR-LR x EBR-SVM",1,0,0
"DBR-LR x ECC-SVM",1,0,0
"DBR-LR x MBR-SVM",0,0.98,0.02
"DBR-LR x NS-SVM",0,0.91,0.08
"DBR-LR x PruDent-SVM",0,0.99,0.01
"DBR-LR x RDBR-SVM",0,1,0
"DBR-LR x BR-SVMt",0.08,0.21,0.71
"DBR-LR x BR+-SVMt",0.58,0.25,0.17
"DBR-LR x CC-SVMt",0.36,0.22,0.42
"DBR-LR x DBR-SVMt",0.58,0.22,0.2
"DBR-LR x EBR-SVMt",0.99,0,0.01
"DBR-LR x ECC-SVMt",0.99,0,0.01
"DBR-LR x MBR-SVMt",0.17,0.23,0.59
"DBR-LR x NS-SVMt",0.49,0.08,0.43
"DBR-LR x PruDent-SVMt",0.07,0.26,0.68
"DBR-LR x RDBR-SVMt",0.48,0.3,0.22
"DBR-LR x BR-XGB",0.53,0.29,0.18
"DBR-LR x BR+-XGB",0.89,0.05,0.06
"DBR-LR x CC-XGB",0.91,0,0.08
"DBR-LR x DBR-XGB",0.73,0.13,0.14
"DBR-LR x EBR-XGB",0.94,0,0.05
"DBR-LR x ECC-XGB",0.96,0,0.04
"DBR-LR x MBR-XGB",0.62,0.23,0.15
"DBR-LR x NS-XGB",0.93,0.01,0.06
"DBR-LR x PruDent-XGB",0.52,0.29,0.19
"DBR-LR x RDBR-XGB",0.85,0.1,0.05
"EBR-LR x ECC-LR",0.67,0.3,0.03
"EBR-LR x MBR-LR",0,0,1
"EBR-LR x NS-LR",0,0,1
"EBR-LR x PruDent-LR",0,0,1
"EBR-LR x RDBR-LR",0,0,1
"EBR-LR x BR-RF",0,0,1
"EBR-LR x BR+-RF",0,0,1
"EBR-LR x CC-RF",0,0,1
"EBR-LR x DBR-RF",0,0,1
"EBR-LR x EBR-RF",0,0,1
"EBR-LR x ECC-RF",0,0,1
"EBR-LR x MBR-RF",0,0,1
"EBR-LR x NS-RF",0,0,1
"EBR-LR x PruDent-RF",0,0,1
"EBR-LR x RDBR-RF",0,0,1
"EBR-LR x BR-SVM",0,0,1
"EBR-LR x BR+-SVM",0,0,1
"EBR-LR x CC-SVM",0,0,1
"EBR-LR x DBR-SVM",0,0,1
"EBR-LR x EBR-SVM",0.04,0.09,0.87
"EBR-LR x ECC-SVM",0.13,0,0.87
"EBR-LR x MBR-SVM",0,0,1
"EBR-LR x NS-SVM",0,0,1
"EBR-LR x PruDent-SVM",0,0,1
"EBR-LR x RDBR-SVM",0,0,1
"EBR-LR x BR-SVMt",0,0,1
"EBR-LR x BR+-SVMt",0,0,1
"EBR-LR x CC-SVMt",0,0,1
"EBR-LR x DBR-SVMt",0,0,1
"EBR-LR x EBR-SVMt",0.08,0.02,0.9
"EBR-LR x ECC-SVMt",0.12,0.01,0.86
"EBR-LR x MBR-SVMt",0,0,1
"EBR-LR x NS-SVMt",0,0,1
"EBR-LR x PruDent-SVMt",0,0,1
"EBR-LR x RDBR-SVMt",0,0,1
"EBR-LR x BR-XGB",0,0,1
"EBR-LR x BR+-XGB",0,0,1
"EBR-LR x CC-XGB",0.02,0,0.98
"EBR-LR x DBR-XGB",0,0,1
"EBR-LR x EBR-XGB",0,0,1
"EBR-LR x ECC-XGB",0.01,0,0.99
"EBR-LR x MBR-XGB",0,0,1
"EBR-LR x NS-XGB",0.01,0,0.99
"EBR-LR x PruDent-XGB",0,0,1
"EBR-LR x RDBR-XGB",0,0,1
"ECC-LR x MBR-LR",0,0,1
"ECC-LR x NS-LR",0,0,1
"ECC-LR x PruDent-LR",0,0,1
"ECC-LR x RDBR-LR",0,0,1
"ECC-LR x BR-RF",0,0,1
"ECC-LR x BR+-RF",0,0,1
"ECC-LR x CC-RF",0,0,1
"ECC-LR x DBR-RF",0,0,1
"ECC-LR x EBR-RF",0,0,1
"ECC-LR x ECC-RF",0,0,1
"ECC-LR x MBR-RF",0,0,1
"ECC-LR x NS-RF",0,0,1
"ECC-LR x PruDent-RF",0,0,1
"ECC-LR x RDBR-RF",0,0,1
"ECC-LR x BR-SVM",0,0,1
"ECC-LR x BR+-SVM",0,0,1
"ECC-LR x CC-SVM",0,0,1
"ECC-LR x DBR-SVM",0,0,1
"ECC-LR x EBR-SVM",0,0,0.99
"ECC-LR x ECC-SVM",0.02,0.02,0.96
"ECC-LR x MBR-SVM",0,0,1
"ECC-LR x NS-SVM",0,0,1
"ECC-LR x PruDent-SVM",0,0,1
"ECC-LR x RDBR-SVM",0,0,1
"ECC-LR x BR-SVMt",0,0,1
"ECC-LR x BR+-SVMt",0,0,1
"ECC-LR x CC-SVMt",0,0,1
"ECC-LR x DBR-SVMt",0,0,1
"ECC-LR x EBR-SVMt",0.05,0.01,0.94
"ECC-LR x ECC-SVMt",0.06,0.01,0.93
"ECC-LR x MBR-SVMt",0,0,1
"ECC-LR x NS-SVMt",0,0,1
"ECC-LR x PruDent-SVMt",0,0,1
"ECC-LR x RDBR-SVMt",0,0,1
"ECC-LR x BR-XGB",0,0,1
"ECC-LR x BR+-XGB",0,0,1
"ECC-LR x CC-XGB",0,0,1
"ECC-LR x DBR-XGB",0,0,1
"ECC-LR x EBR-XGB",0,0,1
"ECC-LR x ECC-XGB",0,0,1
"ECC-LR x MBR-XGB",0,0,1
"ECC-LR x NS-XGB",0,0,1
"ECC-LR x PruDent-XGB",0,0,1
"ECC-LR x RDBR-XGB",0,0,1
"MBR-LR x NS-LR",0,1,0
"MBR-LR x PruDent-LR",0,1,0
"MBR-LR x RDBR-LR",0.13,0.87,0
"MBR-LR x BR-RF",0.25,0.13,0.62
"MBR-LR x BR+-RF",0.23,0.32,0.45
"MBR-LR x CC-RF",0.18,0.3,0.52
"MBR-LR x DBR-RF",0.23,0.11,0.66
"MBR-LR x EBR-RF",0.94,0,0.06
"MBR-LR x ECC-RF",0.98,0,0.02
"MBR-LR x MBR-RF",0.21,0.15,0.64
"MBR-LR x NS-RF",0.53,0.11,0.37
"MBR-LR x PruDent-RF",0.16,0.16,0.68
"MBR-LR x RDBR-RF",0.16,0.49,0.34
"MBR-LR x BR-SVM",0,1,0
"MBR-LR x BR+-SVM",0.03,0.96,0
"MBR-LR x CC-SVM",0.01,0.99,0
"MBR-LR x DBR-SVM",0.02,0.98,0
"MBR-LR x EBR-SVM",1,0,0
"MBR-LR x ECC-SVM",1,0,0
"MBR-LR x MBR-SVM",0,1,0
"MBR-LR x NS-SVM",0,1,0
"MBR-LR x PruDent-SVM",0,1,0
"MBR-LR x RDBR-SVM",0.08,0.91,0
"MBR-LR x BR-SVMt",0.03,0.69,0.28
"MBR-LR x BR+-SVMt",0.7,0.14,0.16
"MBR-LR x CC-SVMt",0.34,0.21,0.46
"MBR-LR x DBR-SVMt",0.69,0.14,0.16
"MBR-LR x EBR-SVMt",0.99,0,0.01
"MBR-LR x ECC-SVMt",0.99,0,0.01
"MBR-LR x MBR-SVMt",0.19,0.58,0.23
"MBR-LR x NS-SVMt",0.56,0.08,0.36
"MBR-LR x PruDent-SVMt",0.06,0.57,0.36
"MBR-LR x RDBR-SVMt",0.59,0.21,0.2
"MBR-LR x BR-XGB",0.56,0.32,0.13
"MBR-LR x BR+-XGB",0.89,0.08,0.03
"MBR-LR x CC-XGB",0.93,0.01,0.06
"MBR-LR x DBR-XGB",0.82,0.09,0.09
"MBR-LR x EBR-XGB",0.97,0,0.03
"MBR-LR x ECC-XGB",0.98,0,0.02
"MBR-LR x MBR-XGB",0.65,0.22,0.13
"MBR-LR x NS-XGB",0.94,0.02,0.04
"MBR-LR x PruDent-XGB",0.57,0.3,0.14
"MBR-LR x RDBR-XGB",0.82,0.16,0.02
"NS-LR x PruDent-LR",0,1,0
"NS-LR x RDBR-LR",0.05,0.93,0.02
"NS-LR x BR-RF",0.07,0.02,0.91
"NS-LR x BR+-RF",0.2,0.09,0.71
"NS-LR x CC-RF",0.13,0.06,0.81
"NS-LR x DBR-RF",0.18,0.01,0.81
"NS-LR x EBR-RF",0.82,0,0.18
"NS-LR x ECC-RF",0.9,0,0.1
"NS-LR x MBR-RF",0.07,0.02,0.91
"NS-LR x NS-RF",0.07,0.34,0.59
"NS-LR x PruDent-RF",0.07,0.02,0.91
"NS-LR x RDBR-RF",0.23,0.07,0.69
"NS-LR x BR-SVM",0,1,0
"NS-LR x BR+-SVM",0.04,0.93,0.03
"NS-LR x CC-SVM",0,0.99,0.01
"NS-LR x DBR-SVM",0.04,0.94,0.02
"NS-LR x EBR-SVM",1,0,0
"NS-LR x ECC-SVM",1,0,0
"NS-LR x MBR-SVM",0,1,0
"NS-LR x NS-SVM",0,1,0
"NS-LR x PruDent-SVM",0,1,0
"NS-LR x RDBR-SVM",0.03,0.94,0.03
"NS-LR x BR-SVMt",0.08,0.04,0.88
"NS-LR x BR+-SVMt",0.33,0.26,0.41
"NS-LR x CC-SVMt",0.15,0.15,0.7
"NS-LR x DBR-SVMt",0.37,0.21,0.42
"NS-LR x EBR-SVMt",0.99,0,0.01
"NS-LR x ECC-SVMt",1,0,0
"NS-LR x MBR-SVMt",0.15,0.14,0.71
"NS-LR x NS-SVMt",0.27,0.18,0.55
"NS-LR x PruDent-SVMt",0.1,0.04,0.86
"NS-LR x RDBR-SVMt",0.42,0.31,0.27
"NS-LR x BR-XGB",0.42,0.13,0.45
"NS-LR x BR+-XGB",0.64,0.15,0.2
"NS-LR x CC-XGB",0.71,0,0.28
"NS-LR x DBR-XGB",0.44,0.35,0.21
"NS-LR x EBR-XGB",0.95,0,0.05
"NS-LR x ECC-XGB",0.97,0,0.03
"NS-LR x MBR-XGB",0.46,0.13,0.4
"NS-LR x NS-XGB",0.81,0.08,0.12
"NS-LR x PruDent-XGB",0.43,0.09,0.47
"NS-LR x RDBR-XGB",0.62,0.16,0.22
"PruDent-LR x RDBR-LR",0.1,0.9,0
"PruDent-LR x BR-RF",0.27,0.1,0.63
"PruDent-LR x BR+-RF",0.33,0.2,0.47
"PruDent-LR x CC-RF",0.26,0.2,0.54
"PruDent-LR x DBR-RF",0.28,0.06,0.66
"PruDent-LR x EBR-RF",0.94,0,0.06
"PruDent-LR x ECC-RF",0.98,0,0.02
"PruDent-LR x MBR-RF",0.24,0.1,0.66
"PruDent-LR x NS-RF",0.55,0.07,0.38
"PruDent-LR x PruDent-RF",0.26,0.09,0.64
"PruDent-LR x RDBR-RF",0.27,0.33,0.4
"PruDent-LR x BR-SVM",0,1,0
"PruDent-LR x BR+-SVM",0.03,0.97,0
"PruDent-LR x CC-SVM",0,1,0
"PruDent-LR x DBR-SVM",0.02,0.98,0
"PruDent-LR x EBR-SVM",1,0,0
"PruDent-LR x ECC-SVM",1,0,0
"PruDent-LR x MBR-SVM",0,1,0
"PruDent-LR x NS-SVM",0,1,0
"PruDent-LR x PruDent-SVM",0,1,0
"PruDent-LR x RDBR-SVM",0.07,0.92,0
"PruDent-LR x BR-SVMt",0.04,0.57,0.39
"PruDent-LR x BR+-SVMt",0.74,0.12,0.15
"PruDent-LR x CC-SVMt",0.41,0.21,0.38
"PruDent-LR x DBR-SVMt",0.72,0.1,0.18
"PruDent-LR x EBR-SVMt",0.99,0,0.01
"PruDent-LR x ECC-SVMt",0.99,0,0.01
"PruDent-LR x MBR-SVMt",0.27,0.5,0.23
"PruDent-LR x NS-SVMt",0.57,0.06,0.36
"PruDent-LR x PruDent-SVMt",0.07,0.54,0.39
"PruDent-LR x RDBR-SVMt",0.63,0.18,0.19
"PruDent-LR x BR-XGB",0.6,0.23,0.18
"PruDent-LR x BR+-XGB",0.89,0.07,0.04
"PruDent-LR x CC-XGB",0.94,0,0.05
"PruDent-LR x DBR-XGB",0.84,0.05,0.11
"PruDent-LR x EBR-XGB",0.95,0,0.05
"PruDent-LR x ECC-XGB",0.98,0,0.02
"PruDent-LR x MBR-XGB",0.68,0.16,0.16
"PruDent-LR x NS-XGB",0.95,0.02,0.04
"PruDent-LR x PruDent-XGB",0.62,0.2,0.19
"PruDent-LR x RDBR-XGB",0.83,0.14,0.03
"RDBR-LR x BR-RF",0.04,0.03,0.93
"RDBR-LR x BR+-RF",0.09,0.11,0.8
"RDBR-LR x CC-RF",0.04,0.07,0.9
"RDBR-LR x DBR-RF",0.1,0.03,0.87
"RDBR-LR x EBR-RF",0.87,0,0.13
"RDBR-LR x ECC-RF",0.96,0,0.04
"RDBR-LR x MBR-RF",0.03,0.03,0.94
"RDBR-LR x NS-RF",0.27,0.07,0.66
"RDBR-LR x PruDent-RF",0.03,0.03,0.94
"RDBR-LR x RDBR-RF",0.11,0.14,0.75
"RDBR-LR x BR-SVM",0,0.92,0.08
"RDBR-LR x BR+-SVM",0,1,0
"RDBR-LR x CC-SVM",0,1,0
"RDBR-LR x DBR-SVM",0,1,0
"RDBR-LR x EBR-SVM",1,0,0
"RDBR-LR x ECC-SVM",1,0,0
"RDBR-LR x MBR-SVM",0,0.89,0.11
"RDBR-LR x NS-SVM",0.01,0.89,0.1
"RDBR-LR x PruDent-SVM",0,0.95,0.05
"RDBR-LR x RDBR-SVM",0,1,0
"RDBR-LR x BR-SVMt",0.1,0.17,0.73
"RDBR-LR x BR+-SVMt",0.54,0.24,0.22
"RDBR-LR x CC-SVMt",0.35,0.21,0.44
"RDBR-LR x DBR-SVMt",0.49,0.26,0.25
"RDBR-LR x EBR-SVMt",0.99,0,0.01
"RDBR-LR x ECC-SVMt",0.99,0,0.01
"RDBR-LR x MBR-SVMt",0.16,0.24,0.6
"RDBR-LR x NS-SVMt",0.45,0.13,0.43
"RDBR-LR x PruDent-SVMt",0.07,0.09,0.83
"RDBR-LR x RDBR-SVMt",0.34,0.39,0.28
"RDBR-LR x BR-XGB",0.53,0.31,0.16
"RDBR-LR x BR+-XGB",0.86,0.1,0.04
"RDBR-LR x CC-XGB",0.92,0,0.07
"RDBR-LR x DBR-XGB",0.63,0.29,0.08
"RDBR-LR x EBR-XGB",0.96,0,0.04
"RDBR-LR x ECC-XGB",0.96,0,0.04
"RDBR-LR x MBR-XGB",0.58,0.27,0.15
"RDBR-LR x NS-XGB",0.93,0.02,0.06
"RDBR-LR x PruDent-XGB",0.45,0.26,0.29
"RDBR-LR x RDBR-XGB",0.8,0.16,0.03
"BR-RF x BR+-RF",0,1,0
"BR-RF x CC-RF",0,1,0
"BR-RF x DBR-RF",0,1,0
"BR-RF x EBR-RF",1,0,0
"BR-RF x ECC-RF",1,0,0
"BR-RF x MBR-RF",0,1,0
"BR-RF x NS-RF",0.01,0.98,0
"BR-RF x PruDent-RF",0,1,0
"BR-RF x RDBR-RF",0.01,0.99,0
"BR-RF x BR-SVM",0.56,0.09,0.35
"BR-RF x BR+-SVM",0.85,0.08,0.07
"BR-RF x CC-SVM",0.9,0.05,0.05
"BR-RF x DBR-SVM",0.85,0.08,0.07
"BR-RF x EBR-SVM",1,0,0
"BR-RF x ECC-SVM",1,0,0
"BR-RF x MBR-SVM",0.62,0.17,0.21
"BR-RF x NS-SVM",0.9,0.02,0.09
"BR-RF x PruDent-SVM",0.7,0.09,0.21
"BR-RF x RDBR-SVM",0.92,0.04,0.04
"BR-RF x BR-SVMt",0.14,0.34,0.53
"BR-RF x BR+-SVMt",0.91,0.04,0.04
"BR-RF x CC-SVMt",0.69,0.17,0.14
"BR-RF x DBR-SVMt",0.93,0.04,0.03
"BR-RF x EBR-SVMt",1,0,0
"BR-RF x ECC-SVMt",1,0,0
"BR-RF x MBR-SVMt",0.47,0.2,0.33
"BR-RF x NS-SVMt",0.83,0.05,0.12
"BR-RF x PruDent-SVMt",0.26,0.31,0.44
"BR-RF x RDBR-SVMt",0.89,0.04,0.07
"BR-RF x BR-XGB",0.98,0,0.02
"BR-RF x BR+-XGB",1,0,0
"BR-RF x CC-XGB",1,0,0
"BR-RF x DBR-XGB",0.99,0,0.01
"BR-RF x EBR-XGB",1,0,0
"BR-RF x ECC-XGB",1,0,0
"BR-RF x MBR-XGB",0.95,0,0.04
"BR-RF x NS-XGB",0.99,0,0.01
"BR-RF x PruDent-XGB",0.97,0,0.02
"BR-RF x RDBR-XGB",1,0,0
"BR+-RF x CC-RF",0,1,0
"BR+-RF x DBR-RF",0,1,0
"BR+-RF x EBR-RF",1,0,0
"BR+-RF x ECC-RF",1,0,0
"BR+-RF x MBR-RF",0,1,0
"BR+-RF x NS-RF",0,1,0
"BR+-RF x PruDent-RF",0,0.99,0.01
"BR+-RF x RDBR-RF",0,1,0
"BR+-RF x BR-SVM",0.42,0.21,0.37
"BR+-RF x BR+-SVM",0.69,0.21,0.1
"BR+-RF x CC-SVM",0.73,0.17,0.1
"BR+-RF x DBR-SVM",0.71,0.19,0.1
"BR+-RF x EBR-SVM",1,0,0
"BR+-RF x ECC-SVM",1,0,0
"BR+-RF x MBR-SVM",0.45,0.35,0.19
"BR+-RF x NS-SVM",0.64,0.09,0.27
"BR+-RF x PruDent-SVM",0.48,0.25,0.27
"BR+-RF x RDBR-SVM",0.76,0.13,0.11
"BR+-RF x BR-SVMt",0.1,0.4,0.5
"BR+-RF x BR+-SVMt",0.89,0.04,0.07
"BR+-RF x CC-SVMt",0.56,0.21,0.24
"BR+-RF x DBR-SVMt",0.9,0.03,0.07
"BR+-RF x EBR-SVMt",1,0,0
"BR+-RF x ECC-SVMt",1,0,0
"BR+-RF x MBR-SVMt",0.31,0.33,0.37
"BR+-RF x NS-SVMt",0.72,0.09,0.19
"BR+-RF x PruDent-SVMt",0.18,0.39,0.44
"BR+-RF x RDBR-SVMt",0.78,0.1,0.12
"BR+-RF x BR-XGB",0.89,0.08,0.03
"BR+-RF x BR+-XGB",0.99,0,0
"BR+-RF x CC-XGB",1,0,0
"BR+-RF x DBR-XGB",0.98,0,0.01
"BR+-RF x EBR-XGB",1,0,0
"BR+-RF x ECC-XGB",1,0,0
"BR+-RF x MBR-XGB",0.88,0.06,0.06
"BR+-RF x NS-XGB",0.98,0,0.02
"BR+-RF x PruDent-XGB",0.89,0.07,0.04
"BR+-RF x RDBR-XGB",0.99,0,0.01
"CC-RF x DBR-RF",0,1,0
"CC-RF x EBR-RF",1,0,0
"CC-RF x ECC-RF",1,0,0
"CC-RF x MBR-RF",0,1,0
"CC-RF x NS-RF",0,1,0
"CC-RF x PruDent-RF",0,1,0
"CC-RF x RDBR-RF",0,1,0
"CC-RF x BR-SVM",0.49,0.21,0.31
"CC-RF x BR+-SVM",0.72,0.21,0.07
"CC-RF x CC-SVM",0.8,0.15,0.05
"CC-RF x DBR-SVM",0.74,0.2,0.06
"CC-RF x EBR-SVM",1,0,0
"CC-RF x ECC-SVM",1,0,0
"CC-RF x MBR-SVM",0.55,0.27,0.18
"CC-RF x NS-SVM",0.77,0.07,0.17
"CC-RF x PruDent-SVM",0.51,0.19,0.3
"CC-RF x RDBR-SVM",0.85,0.1,0.05
"CC-RF x BR-SVMt",0.2,0.43,0.37
"CC-RF x BR+-SVMt",0.95,0.01,0.04
"CC-RF x CC-SVMt",0.69,0.17,0.14
"CC-RF x DBR-SVMt",0.96,0.01,0.04
"CC-RF x EBR-SVMt",1,0,0
"CC-RF x ECC-SVMt",1,0,0
"CC-RF x MBR-SVMt",0.4,0.32,0.28
"CC-RF x NS-SVMt",0.85,0.04,0.11
"CC-RF x PruDent-SVMt",0.24,0.42,0.34
"CC-RF x RDBR-SVMt",0.88,0.05,0.07
"CC-RF x BR-XGB",0.98,0.01,0.01
"CC-RF x BR+-XGB",1,0,0
"CC-RF x CC-XGB",1,0,0
"CC-RF x DBR-XGB",1,0,0
"CC-RF x EBR-XGB",1,0,0
"CC-RF x ECC-XGB",1,0,0
"CC-RF x MBR-XGB",0.97,0.01,0.02
"CC-RF x NS-XGB",0.99,0,0.01
"CC-RF x PruDent-XGB",0.98,0.01,0.01
"CC-RF x RDBR-XGB",1,0,0
"DBR-RF x EBR-RF",1,0,0
"DBR-RF x ECC-RF",1,0,0
"DBR-RF x MBR-RF",0,1,0
"DBR-RF x NS-RF",0.01,0.97,0.02
"DBR-RF x PruDent-RF",0,0.98,0.02
"DBR-RF x RDBR-RF",0,1,0
"DBR-RF x BR-SVM",0.61,0.09,0.31
"DBR-RF x BR+-SVM",0.81,0.06,0.13
"DBR-RF x CC-SVM",0.83,0.03,0.14
"DBR-RF x DBR-SVM",0.79,0.06,0.15
"DBR-RF x EBR-SVM",1,0,0
"DBR-RF x ECC-SVM",1,0,0
"DBR-RF x MBR-SVM",0.68,0.1,0.22
"DBR-RF x NS-SVM",0.78,0.02,0.2
"DBR-RF x PruDent-SVM",0.65,0.06,0.28
"DBR-RF x RDBR-SVM",0.85,0.05,0.1
"DBR-RF x BR-SVMt",0.2,0.19,0.6
"DBR-RF x BR+-SVMt",0.87,0.02,0.11
"DBR-RF x CC-SVMt",0.62,0.14,0.24
"DBR-RF x DBR-SVMt",0.88,0.03,0.1
"DBR-RF x EBR-SVMt",1,0,0
"DBR-RF x ECC-SVMt",1,0,0
"DBR-RF x MBR-SVMt",0.41,0.08,0.51
"DBR-RF x NS-SVMt",0.76,0.04,0.2
"DBR-RF x PruDent-SVMt",0.24,0.18,0.58
"DBR-RF x RDBR-SVMt",0.76,0.08,0.17
"DBR-RF x BR-XGB",0.9,0.04,0.05
"DBR-RF x BR+-XGB",1,0,0
"DBR-RF x CC-XGB",1,0,0
"DBR-RF x DBR-XGB",0.99,0,0.01
"DBR-RF x EBR-XGB",1,0,0
"DBR-RF x ECC-XGB",0.99,0,0.01
"DBR-RF x MBR-XGB",0.89,0.03,0.08
"DBR-RF x NS-XGB",0.98,0,0.02
"DBR-RF x PruDent-XGB",0.91,0.03,0.05
"DBR-RF x RDBR-XGB",1,0,0
"EBR-RF x ECC-RF",0,1,0
"EBR-RF x MBR-RF",0,0,1
"EBR-RF x NS-RF",0,0,1
"EBR-RF x PruDent-RF",0,0,1
"EBR-RF x RDBR-RF",0,0,1
"EBR-RF x BR-SVM",0.05,0,0.95
"EBR-RF x BR+-SVM",0.11,0,0.89
"EBR-RF x CC-SVM",0.13,0,0.87
"EBR-RF x DBR-SVM",0.1,0,0.9
"EBR-RF x EBR-SVM",0.97,0,0.03
"EBR-RF x ECC-SVM",0.95,0,0.05
"EBR-RF x MBR-SVM",0.06,0,0.94
"EBR-RF x NS-SVM",0.2,0,0.8
"EBR-RF x PruDent-SVM",0.07,0,0.93
"EBR-RF x RDBR-SVM",0.11,0,0.89
"EBR-RF x BR-SVMt",0.01,0,0.99
"EBR-RF x BR+-SVMt",0.02,0,0.98
"EBR-RF x CC-SVMt",0,0,1
"EBR-RF x DBR-SVMt",0.02,0,0.98
"EBR-RF x EBR-SVMt",0.86,0.02,0.12
"EBR-RF x ECC-SVMt",0.8,0.1,0.11
"EBR-RF x MBR-SVMt",0.01,0,0.99
"EBR-RF x NS-SVMt",0.06,0,0.94
"EBR-RF x PruDent-SVMt",0,0,1
"EBR-RF x RDBR-SVMt",0.05,0,0.95
"EBR-RF x BR-XGB",0.01,0,0.99
"EBR-RF x BR+-XGB",0.05,0,0.95
"EBR-RF x CC-XGB",0.16,0,0.84
"EBR-RF x DBR-XGB",0.08,0,0.92
"EBR-RF x EBR-XGB",0.27,0,0.73
"EBR-RF x ECC-XGB",0.44,0,0.56
"EBR-RF x MBR-XGB",0.02,0,0.98
"EBR-RF x NS-XGB",0.22,0,0.78
"EBR-RF x PruDent-XGB",0.01,0,0.99
"EBR-RF x RDBR-XGB",0.03,0,0.97
"ECC-RF x MBR-RF",0,0,1
"ECC-RF x NS-RF",0,0,1
"ECC-RF x PruDent-RF",0,0,1
"ECC-RF x RDBR-RF",0,0,1
"ECC-RF x BR-SVM",0.02,0,0.98
"ECC-RF x BR+-SVM",0.05,0,0.95
"ECC-RF x CC-SVM",0.05,0,0.95
"ECC-RF x DBR-SVM",0.04,0,0.96
"ECC-RF x EBR-SVM",0.95,0,0.05
"ECC-RF x ECC-SVM",0.94,0,0.06
"ECC-RF x MBR-SVM",0.02,0,0.98
"ECC-RF x NS-SVM",0.1,0,0.9
"ECC-RF x PruDent-SVM",0.02,0,0.98
"ECC-RF x RDBR-SVM",0.03,0,0.97
"ECC-RF x BR-SVMt",0,0,1
"ECC-RF x BR+-SVMt",0.02,0,0.98
"ECC-RF x CC-SVMt",0,0,1
"ECC-RF x DBR-SVMt",0.02,0,0.98
"ECC-RF x EBR-SVMt",0.84,0.06,0.09
"ECC-RF x ECC-SVMt",0.64,0.32,0.04
"ECC-RF x MBR-SVMt",0,0,1
"ECC-RF x NS-SVMt",0.06,0,0.94
"ECC-RF x PruDent-SVMt",0,0,1
"ECC-RF x RDBR-SVMt",0.05,0,0.95
"ECC-RF x BR-XGB",0.01,0,0.99
"ECC-RF x BR+-XGB",0.04,0,0.96
"ECC-RF x CC-XGB",0.13,0,0.87
"ECC-RF x DBR-XGB",0.06,0,0.94
"ECC-RF x EBR-XGB",0.22,0,0.78
"ECC-RF x ECC-XGB",0.36,0,0.64
"ECC-RF x MBR-XGB",0.01,0,0.99
"ECC-RF x NS-XGB",0.21,0,0.79
"ECC-RF x PruDent-XGB",0.01,0,0.99
"ECC-RF x RDBR-XGB",0.01,0,0.99
"MBR-RF x NS-RF",0.01,0.99,0
"MBR-RF x PruDent-RF",0,1,0
"MBR-RF x RDBR-RF",0.01,0.99,0
"MBR-RF x BR-SVM",0.6,0.1,0.31
"MBR-RF x BR+-SVM",0.84,0.08,0.08
"MBR-RF x CC-SVM",0.92,0.04,0.05
"MBR-RF x DBR-SVM",0.84,0.08,0.08
"MBR-RF x EBR-SVM",1,0,0
"MBR-RF x ECC-SVM",1,0,0
"MBR-RF x MBR-SVM",0.64,0.16,0.2
"MBR-RF x NS-SVM",0.91,0.02,0.08
"MBR-RF x PruDent-SVM",0.7,0.08,0.22
"MBR-RF x RDBR-SVM",0.91,0.05,0.04
"MBR-RF x BR-SVMt",0.19,0.24,0.57
"MBR-RF x BR+-SVMt",0.93,0.03,0.04
"MBR-RF x CC-SVMt",0.69,0.14,0.17
"MBR-RF x DBR-SVMt",0.95,0.02,0.03
"MBR-RF x EBR-SVMt",1,0,0
"MBR-RF x ECC-SVMt",1,0,0
"MBR-RF x MBR-SVMt",0.51,0.14,0.35
"MBR-RF x NS-SVMt",0.86,0.04,0.1
"MBR-RF x PruDent-SVMt",0.23,0.25,0.52
"MBR-RF x RDBR-SVMt",0.88,0.05,0.07
"MBR-RF x BR-XGB",0.98,0,0.02
"MBR-RF x BR+-XGB",1,0,0
"MBR-RF x CC-XGB",1,0,0
"MBR-RF x DBR-XGB",0.99,0,0.01
"MBR-RF x EBR-XGB",1,0,0
"MBR-RF x ECC-XGB",1,0,0
"MBR-RF x MBR-XGB",0.95,0,0.05
"MBR-RF x NS-XGB",0.99,0,0.01
"MBR-RF x PruDent-XGB",0.97,0,0.02
"MBR-RF x RDBR-XGB",0.99,0,0.01
"NS-RF x PruDent-RF",0,0.99,0.01
"NS-RF x RDBR-RF",0.01,0.99,0
"NS-RF x BR-SVM",0.34,0.07,0.6
"NS-RF x BR+-SVM",0.57,0.11,0.32
"NS-RF x CC-SVM",0.54,0.1,0.36
"NS-RF x DBR-SVM",0.61,0.11,0.28
"NS-RF x EBR-SVM",1,0,0
"NS-RF x ECC-SVM",1,0,0
"NS-RF x MBR-SVM",0.37,0.1,0.53
"NS-RF x NS-SVM",0.52,0.39,0.09
"NS-RF x PruDent-SVM",0.39,0.08,0.53
"NS-RF x RDBR-SVM",0.59,0.11,0.3
"NS-RF x BR-SVMt",0.18,0.07,0.74
"NS-RF x BR+-SVMt",0.65,0.11,0.24
"NS-RF x CC-SVMt",0.42,0.11,0.47
"NS-RF x DBR-SVMt",0.76,0.03,0.2
"NS-RF x EBR-SVMt",1,0,0
"NS-RF x ECC-SVMt",1,0,0
"NS-RF x MBR-SVMt",0.19,0.14,0.67
"NS-RF x NS-SVMt",0.63,0.21,0.16
"NS-RF x PruDent-SVMt",0.19,0.04,0.76
"NS-RF x RDBR-SVMt",0.7,0.1,0.2
"NS-RF x BR-XGB",0.81,0.04,0.15
"NS-RF x BR+-XGB",0.96,0,0.04
"NS-RF x CC-XGB",0.97,0,0.03
"NS-RF x DBR-XGB",0.96,0.01,0.04
"NS-RF x EBR-XGB",1,0,0
"NS-RF x ECC-XGB",1,0,0
"NS-RF x MBR-XGB",0.69,0.08,0.23
"NS-RF x NS-XGB",0.99,0,0.01
"NS-RF x PruDent-XGB",0.79,0.05,0.16
"NS-RF x RDBR-XGB",0.94,0.01,0.04
"PruDent-RF x RDBR-RF",0.01,0.99,0
"PruDent-RF x BR-SVM",0.62,0.11,0.27
"PruDent-RF x BR+-SVM",0.84,0.09,0.07
"PruDent-RF x CC-SVM",0.92,0.04,0.04
"PruDent-RF x DBR-SVM",0.85,0.09,0.06
"PruDent-RF x EBR-SVM",1,0,0
"PruDent-RF x ECC-SVM",1,0,0
"PruDent-RF x MBR-SVM",0.65,0.17,0.18
"PruDent-RF x NS-SVM",0.88,0.03,0.09
"PruDent-RF x PruDent-SVM",0.7,0.07,0.23
"PruDent-RF x RDBR-SVM",0.94,0.03,0.03
"PruDent-RF x BR-SVMt",0.16,0.34,0.49
"PruDent-RF x BR+-SVMt",0.93,0.03,0.04
"PruDent-RF x CC-SVMt",0.68,0.19,0.13
"PruDent-RF x DBR-SVMt",0.96,0.02,0.02
"PruDent-RF x EBR-SVMt",1,0,0
"PruDent-RF x ECC-SVMt",1,0,0
"PruDent-RF x MBR-SVMt",0.53,0.15,0.32
"PruDent-RF x NS-SVMt",0.83,0.04,0.14
"PruDent-RF x PruDent-SVMt",0.23,0.29,0.48
"PruDent-RF x RDBR-SVMt",0.85,0.06,0.09
"PruDent-RF x BR-XGB",0.97,0,0.02
"PruDent-RF x BR+-XGB",1,0,0
"PruDent-RF x CC-XGB",1,0,0
"PruDent-RF x DBR-XGB",0.99,0,0.01
"PruDent-RF x EBR-XGB",1,0,0
"PruDent-RF x ECC-XGB",1,0,0
"PruDent-RF x MBR-XGB",0.95,0,0.05
"PruDent-RF x NS-XGB",0.99,0,0.01
"PruDent-RF x PruDent-XGB",0.97,0,0.02
"PruDent-RF x RDBR-XGB",1,0,0
"RDBR-RF x BR-SVM",0.36,0.29,0.35
"RDBR-RF x BR+-SVM",0.62,0.25,0.13
"RDBR-RF x CC-SVM",0.66,0.23,0.11
"RDBR-RF x DBR-SVM",0.64,0.23,0.13
"RDBR-RF x EBR-SVM",1,0,0
"RDBR-RF x ECC-SVM",1,0,0
"RDBR-RF x MBR-SVM",0.37,0.47,0.16
"RDBR-RF x NS-SVM",0.63,0.08,0.29
"RDBR-RF x PruDent-SVM",0.43,0.3,0.26
"RDBR-RF x RDBR-SVM",0.7,0.17,0.13
"RDBR-RF x BR-SVMt",0.07,0.41,0.52
"RDBR-RF x BR+-SVMt",0.84,0.06,0.1
"RDBR-RF x CC-SVMt",0.53,0.23,0.24
"RDBR-RF x DBR-SVMt",0.84,0.06,0.09
"RDBR-RF x EBR-SVMt",1,0,0
"RDBR-RF x ECC-SVMt",1,0,0
"RDBR-RF x MBR-SVMt",0.29,0.31,0.4
"RDBR-RF x NS-SVMt",0.67,0.1,0.24
"RDBR-RF x PruDent-SVMt",0.15,0.38,0.46
"RDBR-RF x RDBR-SVMt",0.71,0.13,0.16
"RDBR-RF x BR-XGB",0.8,0.16,0.04
"RDBR-RF x BR+-XGB",0.99,0,0.01
"RDBR-RF x CC-XGB",1,0,0
"RDBR-RF x DBR-XGB",0.98,0,0.02
"RDBR-RF x EBR-XGB",1,0,0
"RDBR-RF x ECC-XGB",1,0,0
"RDBR-RF x MBR-XGB",0.8,0.1,0.09
"RDBR-RF x NS-XGB",0.97,0.01,0.02
"RDBR-RF x PruDent-XGB",0.85,0.11,0.04
"RDBR-RF x RDBR-XGB",0.98,0.01,0.01
"BR-SVM x BR+-SVM",0.03,0.97,0
"BR-SVM x CC-SVM",0,1,0
"BR-SVM x DBR-SVM",0.02,0.98,0
"BR-SVM x EBR-SVM",1,0,0
"BR-SVM x ECC-SVM",1,0,0
"BR-SVM x MBR-SVM",0,1,0
"BR-SVM x NS-SVM",0,1,0
"BR-SVM x PruDent-SVM",0,1,0
"BR-SVM x RDBR-SVM",0.04,0.96,0
"BR-SVM x BR-SVMt",0.05,0.71,0.24
"BR-SVM x BR+-SVMt",0.77,0.11,0.12
"BR-SVM x CC-SVMt",0.45,0.22,0.33
"BR-SVM x DBR-SVMt",0.75,0.12,0.13
"BR-SVM x EBR-SVMt",0.99,0,0.01
"BR-SVM x ECC-SVMt",0.99,0,0.01
"BR-SVM x MBR-SVMt",0.32,0.5,0.18
"BR-SVM x NS-SVMt",0.58,0.07,0.35
"BR-SVM x PruDent-SVMt",0.12,0.51,0.37
"BR-SVM x RDBR-SVMt",0.66,0.19,0.15
"BR-SVM x BR-XGB",0.66,0.2,0.14
"BR-SVM x BR+-XGB",0.92,0.05,0.04
"BR-SVM x CC-XGB",0.93,0.01,0.06
"BR-SVM x DBR-XGB",0.84,0.06,0.09
"BR-SVM x EBR-XGB",0.96,0,0.04
"BR-SVM x ECC-XGB",0.98,0,0.02
"BR-SVM x MBR-XGB",0.73,0.14,0.13
"BR-SVM x NS-XGB",0.95,0.01,0.04
"BR-SVM x PruDent-XGB",0.68,0.16,0.16
"BR-SVM x RDBR-XGB",0.87,0.11,0.03
"BR+-SVM x CC-SVM",0,1,0
"BR+-SVM x DBR-SVM",0,1,0
"BR+-SVM x EBR-SVM",1,0,0
"BR+-SVM x ECC-SVM",1,0,0
"BR+-SVM x MBR-SVM",0,0.97,0.03
"BR+-SVM x NS-SVM",0.01,0.94,0.05
"BR+-SVM x PruDent-SVM",0,0.98,0.02
"BR+-SVM x RDBR-SVM",0,1,0
"BR+-SVM x BR-SVMt",0.08,0.24,0.69
"BR+-SVM x BR+-SVMt",0.52,0.31,0.16
"BR+-SVM x CC-SVMt",0.32,0.27,0.4
"BR+-SVM x DBR-SVMt",0.55,0.26,0.19
"BR+-SVM x EBR-SVMt",0.99,0,0.01
"BR+-SVM x ECC-SVMt",0.99,0,0.01
"BR+-SVM x MBR-SVMt",0.19,0.29,0.52
"BR+-SVM x NS-SVMt",0.48,0.1,0.42
"BR+-SVM x PruDent-SVMt",0.07,0.22,0.71
"BR+-SVM x RDBR-SVMt",0.46,0.34,0.21
"BR+-SVM x BR-XGB",0.58,0.29,0.13
"BR+-SVM x BR+-XGB",0.89,0.05,0.06
"BR+-SVM x CC-XGB",0.93,0,0.07
"BR+-SVM x DBR-XGB",0.74,0.14,0.12
"BR+-SVM x EBR-XGB",0.96,0,0.04
"BR+-SVM x ECC-XGB",0.96,0,0.04
"BR+-SVM x MBR-XGB",0.65,0.22,0.13
"BR+-SVM x NS-XGB",0.93,0.02,0.05
"BR+-SVM x PruDent-XGB",0.56,0.31,0.14
"BR+-SVM x RDBR-XGB",0.88,0.07,0.05
"CC-SVM x DBR-SVM",0,1,0
"CC-SVM x EBR-SVM",1,0,0
"CC-SVM x ECC-SVM",1,0,0
"CC-SVM x MBR-SVM",0,1,0
"CC-SVM x NS-SVM",0,1,0
"CC-SVM x PruDent-SVM",0,1,0
"CC-SVM x RDBR-SVM",0,1,0
"CC-SVM x BR-SVMt",0.06,0.25,0.69
"CC-SVM x BR+-SVMt",0.65,0.26,0.09
"CC-SVM x CC-SVMt",0.32,0.38,0.3
"CC-SVM x DBR-SVMt",0.63,0.27,0.09
"CC-SVM x EBR-SVMt",0.99,0,0.01
"CC-SVM x ECC-SVMt",0.99,0,0.01
"CC-SVM x MBR-SVMt",0.2,0.51,0.28
"CC-SVM x NS-SVMt",0.48,0.15,0.37
"CC-SVM x PruDent-SVMt",0.06,0.21,0.74
"CC-SVM x RDBR-SVMt",0.53,0.37,0.1
"CC-SVM x BR-XGB",0.53,0.35,0.12
"CC-SVM x BR+-XGB",0.8,0.16,0.05
"CC-SVM x CC-XGB",0.94,0.01,0.05
"CC-SVM x DBR-XGB",0.6,0.33,0.07
"CC-SVM x EBR-XGB",0.97,0,0.03
"CC-SVM x ECC-XGB",0.99,0,0.01
"CC-SVM x MBR-XGB",0.61,0.29,0.1
"CC-SVM x NS-XGB",0.92,0.03,0.05
"CC-SVM x PruDent-XGB",0.5,0.34,0.16
"CC-SVM x RDBR-XGB",0.71,0.26,0.03
"DBR-SVM x EBR-SVM",1,0,0
"DBR-SVM x ECC-SVM",1,0,0
"DBR-SVM x MBR-SVM",0,0.99,0.01
"DBR-SVM x NS-SVM",0,0.95,0.05
"DBR-SVM x PruDent-SVM",0,0.99,0.01
"DBR-SVM x RDBR-SVM",0,1,0
"DBR-SVM x BR-SVMt",0.06,0.19,0.74
"DBR-SVM x BR+-SVMt",0.58,0.27,0.15
"DBR-SVM x CC-SVMt",0.35,0.23,0.41
"DBR-SVM x DBR-SVMt",0.55,0.25,0.2
"DBR-SVM x EBR-SVMt",0.99,0,0.01
"DBR-SVM x ECC-SVMt",0.99,0,0.01
"DBR-SVM x MBR-SVMt",0.2,0.34,0.45
"DBR-SVM x NS-SVMt",0.48,0.08,0.44
"DBR-SVM x PruDent-SVMt",0.05,0.24,0.7
"DBR-SVM x RDBR-SVMt",0.49,0.33,0.19
"DBR-SVM x BR-XGB",0.54,0.28,0.18
"DBR-SVM x BR+-XGB",0.91,0.04,0.05
"DBR-SVM x CC-XGB",0.92,0,0.08
"DBR-SVM x DBR-XGB",0.75,0.11,0.14
"DBR-SVM x EBR-XGB",0.94,0,0.06
"DBR-SVM x ECC-XGB",0.98,0,0.02
"DBR-SVM x MBR-XGB",0.64,0.21,0.15
"DBR-SVM x NS-XGB",0.93,0.01,0.06
"DBR-SVM x PruDent-XGB",0.54,0.25,0.21
"DBR-SVM x RDBR-XGB",0.87,0.09,0.04
"EBR-SVM x ECC-SVM",0.17,0.61,0.22
"EBR-SVM x MBR-SVM",0,0,1
"EBR-SVM x NS-SVM",0,0,1
"EBR-SVM x PruDent-SVM",0,0,1
"EBR-SVM x RDBR-SVM",0,0,1
"EBR-SVM x BR-SVMt",0,0,1
"EBR-SVM x BR+-SVMt",0,0,1
"EBR-SVM x CC-SVMt",0,0,1
"EBR-SVM x DBR-SVMt",0,0,1
"EBR-SVM x EBR-SVMt",0.18,0.34,0.48
"EBR-SVM x ECC-SVMt",0.22,0.5,0.28
"EBR-SVM x MBR-SVMt",0,0,1
"EBR-SVM x NS-SVMt",0,0,1
"EBR-SVM x PruDent-SVMt",0,0,1
"EBR-SVM x RDBR-SVMt",0,0,1
"EBR-SVM x BR-XGB",0,0,1
"EBR-SVM x BR+-XGB",0.01,0,0.99
"EBR-SVM x CC-XGB",0.04,0,0.96
"EBR-SVM x DBR-XGB",0.01,0,0.99
"EBR-SVM x EBR-XGB",0,0,1
"EBR-SVM x ECC-XGB",0.01,0,0.99
"EBR-SVM x MBR-XGB",0,0,1
"EBR-SVM x NS-XGB",0.02,0,0.97
"EBR-SVM x PruDent-XGB",0,0,1
"EBR-SVM x RDBR-XGB",0.01,0,0.99
"ECC-SVM x MBR-SVM",0,0,1
"ECC-SVM x NS-SVM",0,0,1
"ECC-SVM x PruDent-SVM",0,0,1
"ECC-SVM x RDBR-SVM",0,0,1
"ECC-SVM x BR-SVMt",0,0,1
"ECC-SVM x BR+-SVMt",0,0,1
"ECC-SVM x CC-SVMt",0,0,1
"ECC-SVM x DBR-SVMt",0,0,1
"ECC-SVM x EBR-SVMt",0.28,0.17,0.55
"ECC-SVM x ECC-SVMt",0.22,0.56,0.22
"ECC-SVM x MBR-SVMt",0,0,1
"ECC-SVM x NS-SVMt",0,0,1
"ECC-SVM x PruDent-SVMt",0,0,1
"ECC-SVM x RDBR-SVMt",0,0,1
"ECC-SVM x BR-XGB",0,0,1
"ECC-SVM x BR+-XGB",0,0,1
"ECC-SVM x CC-XGB",0.03,0,0.97
"ECC-SVM x DBR-XGB",0.01,0,0.99
"ECC-SVM x EBR-XGB",0,0.01,0.99
"ECC-SVM x ECC-XGB",0.02,0,0.97
"ECC-SVM x MBR-XGB",0,0,1
"ECC-SVM x NS-XGB",0.01,0,0.99
"ECC-SVM x PruDent-XGB",0,0,1
"ECC-SVM x RDBR-XGB",0,0,1
"MBR-SVM x NS-SVM",0,1,0
"MBR-SVM x PruDent-SVM",0,1,0
"MBR-SVM x RDBR-SVM",0.06,0.94,0
"MBR-SVM x BR-SVMt",0.02,0.58,0.41
"MBR-SVM x BR+-SVMt",0.68,0.15,0.16
"MBR-SVM x CC-SVMt",0.33,0.24,0.42
"MBR-SVM x DBR-SVMt",0.66,0.16,0.18
"MBR-SVM x EBR-SVMt",0.99,0,0.01
"MBR-SVM x ECC-SVMt",0.99,0,0.01
"MBR-SVM x MBR-SVMt",0.17,0.58,0.25
"MBR-SVM x NS-SVMt",0.52,0.08,0.4
"MBR-SVM x PruDent-SVMt",0.04,0.53,0.43
"MBR-SVM x RDBR-SVMt",0.52,0.27,0.21
"MBR-SVM x BR-XGB",0.52,0.32,0.15
"MBR-SVM x BR+-XGB",0.9,0.07,0.03
"MBR-SVM x CC-XGB",0.92,0.01,0.07
"MBR-SVM x DBR-XGB",0.8,0.11,0.1
"MBR-SVM x EBR-XGB",0.96,0,0.04
"MBR-SVM x ECC-XGB",0.99,0,0.01
"MBR-SVM x MBR-XGB",0.63,0.24,0.14
"MBR-SVM x NS-XGB",0.93,0.02,0.04
"MBR-SVM x PruDent-XGB",0.54,0.31,0.15
"MBR-SVM x RDBR-XGB",0.84,0.14,0.03
"NS-SVM x PruDent-SVM",0,1,0
"NS-SVM x RDBR-SVM",0.03,0.97,0.01
"NS-SVM x BR-SVMt",0.12,0.05,0.83
"NS-SVM x BR+-SVMt",0.37,0.24,0.39
"NS-SVM x CC-SVMt",0.23,0.14,0.63
"NS-SVM x DBR-SVMt",0.4,0.19,0.42
"NS-SVM x EBR-SVMt",0.98,0,0.02
"NS-SVM x ECC-SVMt",1,0,0
"NS-SVM x MBR-SVMt",0.24,0.15,0.61
"NS-SVM x NS-SVMt",0.3,0.28,0.42
"NS-SVM x PruDent-SVMt",0.14,0.06,0.8
"NS-SVM x RDBR-SVMt",0.42,0.39,0.19
"NS-SVM x BR-XGB",0.52,0.12,0.36
"NS-SVM x BR+-XGB",0.65,0.18,0.17
"NS-SVM x CC-XGB",0.72,0.01,0.27
"NS-SVM x DBR-XGB",0.49,0.4,0.12
"NS-SVM x EBR-XGB",0.97,0,0.03
"NS-SVM x ECC-XGB",0.98,0,0.02
"NS-SVM x MBR-XGB",0.56,0.12,0.32
"NS-SVM x NS-XGB",0.84,0.07,0.09
"NS-SVM x PruDent-XGB",0.54,0.08,0.38
"NS-SVM x RDBR-XGB",0.66,0.16,0.18
"PruDent-SVM x RDBR-SVM",0.04,0.96,0
"PruDent-SVM x BR-SVMt",0.06,0.66,0.28
"PruDent-SVM x BR+-SVMt",0.75,0.14,0.11
"PruDent-SVM x CC-SVMt",0.42,0.21,0.37
"PruDent-SVM x DBR-SVMt",0.74,0.12,0.14
"PruDent-SVM x EBR-SVMt",0.99,0,0.01
"PruDent-SVM x ECC-SVMt",0.99,0,0.01
"PruDent-SVM x MBR-SVMt",0.26,0.53,0.21
"PruDent-SVM x NS-SVMt",0.56,0.06,0.38
"PruDent-SVM x PruDent-SVMt",0.11,0.51,0.38
"PruDent-SVM x RDBR-SVMt",0.63,0.21,0.16
"PruDent-SVM x BR-XGB",0.6,0.24,0.16
"PruDent-SVM x BR+-XGB",0.91,0.04,0.05
"PruDent-SVM x CC-XGB",0.94,0,0.06
"PruDent-SVM x DBR-XGB",0.8,0.09,0.11
"PruDent-SVM x EBR-XGB",0.97,0,0.03
"PruDent-SVM x ECC-XGB",0.98,0,0.02
"PruDent-SVM x MBR-XGB",0.68,0.18,0.15
"PruDent-SVM x NS-XGB",0.94,0.01,0.05
"PruDent-SVM x PruDent-XGB",0.63,0.18,0.19
"PruDent-SVM x RDBR-XGB",0.84,0.12,0.04
"RDBR-SVM x BR-SVMt",0.08,0.14,0.78
"RDBR-SVM x BR+-SVMt",0.48,0.31,0.21
"RDBR-SVM x CC-SVMt",0.3,0.25,0.44
"RDBR-SVM x DBR-SVMt",0.47,0.29,0.25
"RDBR-SVM x EBR-SVMt",0.99,0,0.01
"RDBR-SVM x ECC-SVMt",0.99,0,0.01
"RDBR-SVM x MBR-SVMt",0.16,0.22,0.62
"RDBR-SVM x NS-SVMt",0.46,0.13,0.41
"RDBR-SVM x PruDent-SVMt",0.08,0.11,0.81
"RDBR-SVM x RDBR-SVMt",0.31,0.42,0.27
"RDBR-SVM x BR-XGB",0.52,0.33,0.15
"RDBR-SVM x BR+-XGB",0.87,0.09,0.04
"RDBR-SVM x CC-XGB",0.91,0.01,0.08
"RDBR-SVM x DBR-XGB",0.64,0.29,0.08
"RDBR-SVM x EBR-XGB",0.95,0,0.05
"RDBR-SVM x ECC-XGB",0.97,0,0.03
"RDBR-SVM x MBR-XGB",0.61,0.26,0.14
"RDBR-SVM x NS-XGB",0.92,0.02,0.06
"RDBR-SVM x PruDent-XGB",0.52,0.33,0.15
"RDBR-SVM x RDBR-XGB",0.83,0.12,0.05
"BR-SVMt x BR+-SVMt",0.65,0.35,0
"BR-SVMt x CC-SVMt",0.01,0.99,0
"BR-SVMt x DBR-SVMt",0.7,0.29,0.01
"BR-SVMt x EBR-SVMt",1,0,0
"BR-SVMt x ECC-SVMt",1,0,0
"BR-SVMt x MBR-SVMt",0,1,0
"BR-SVMt x NS-SVMt",0.16,0.83,0.01
"BR-SVMt x PruDent-SVMt",0,1,0
"BR-SVMt x RDBR-SVMt",0.41,0.59,0
"BR-SVMt x BR-XGB",0.8,0.18,0.02
"BR-SVMt x BR+-XGB",0.99,0,0.01
"BR-SVMt x CC-XGB",0.99,0,0.01
"BR-SVMt x DBR-XGB",0.97,0.01,0.03
"BR-SVMt x EBR-XGB",0.98,0,0.02
"BR-SVMt x ECC-XGB",0.98,0,0.02
"BR-SVMt x MBR-XGB",0.84,0.12,0.05
"BR-SVMt x NS-XGB",0.97,0.01,0.02
"BR-SVMt x PruDent-XGB",0.8,0.18,0.02
"BR-SVMt x RDBR-XGB",0.99,0.01,0.01
"BR+-SVMt x CC-SVMt",0,1,0
"BR+-SVMt x DBR-SVMt",0,1,0
"BR+-SVMt x EBR-SVMt",1,0,0
"BR+-SVMt x ECC-SVMt",1,0,0
"BR+-SVMt x MBR-SVMt",0,0.77,0.23
"BR+-SVMt x NS-SVMt",0,1,0
"BR+-SVMt x PruDent-SVMt",0,0.48,0.52
"BR+-SVMt x RDBR-SVMt",0,1,0
"BR+-SVMt x BR-XGB",0.09,0.71,0.19
"BR+-SVMt x BR+-XGB",0.7,0.1,0.2
"BR+-SVMt x CC-XGB",0.88,0.04,0.08
"BR+-SVMt x DBR-XGB",0.7,0.08,0.22
"BR+-SVMt x EBR-XGB",0.97,0,0.03
"BR+-SVMt x ECC-XGB",0.96,0,0.04
"BR+-SVMt x MBR-XGB",0.14,0.45,0.41
"BR+-SVMt x NS-XGB",0.92,0.03,0.06
"BR+-SVMt x PruDent-XGB",0.1,0.53,0.37
"BR+-SVMt x RDBR-XGB",0.54,0.17,0.28
"CC-SVMt x DBR-SVMt",0.02,0.98,0
"CC-SVMt x EBR-SVMt",1,0,0
"CC-SVMt x ECC-SVMt",1,0,0
"CC-SVMt x MBR-SVMt",0,0.99,0.01
"CC-SVMt x NS-SVMt",0,0.99,0
"CC-SVMt x PruDent-SVMt",0,0.99,0.01
"CC-SVMt x RDBR-SVMt",0.01,0.99,0
"CC-SVMt x BR-XGB",0.48,0.5,0.02
"CC-SVMt x BR+-XGB",0.94,0.04,0.02
"CC-SVMt x CC-XGB",0.96,0.03,0
"CC-SVMt x DBR-XGB",0.91,0.05,0.04
"CC-SVMt x EBR-XGB",0.98,0,0.02
"CC-SVMt x ECC-XGB",0.99,0,0.01
"CC-SVMt x MBR-XGB",0.35,0.6,0.04
"CC-SVMt x NS-XGB",0.87,0.12,0.01
"CC-SVMt x PruDent-XGB",0.39,0.58,0.04
"CC-SVMt x RDBR-XGB",0.89,0.09,0.03
"DBR-SVMt x EBR-SVMt",1,0,0
"DBR-SVMt x ECC-SVMt",1,0,0
"DBR-SVMt x MBR-SVMt",0,0.82,0.18
"DBR-SVMt x NS-SVMt",0,0.95,0.04
"DBR-SVMt x PruDent-SVMt",0,0.54,0.46
"DBR-SVMt x RDBR-SVMt",0,1,0
"DBR-SVMt x BR-XGB",0.12,0.67,0.22
"DBR-SVMt x BR+-XGB",0.75,0.14,0.11
"DBR-SVMt x CC-XGB",0.91,0.02,0.06
"DBR-SVMt x DBR-XGB",0.79,0.04,0.18
"DBR-SVMt x EBR-XGB",0.95,0,0.05
"DBR-SVMt x ECC-XGB",0.96,0,0.04
"DBR-SVMt x MBR-XGB",0.1,0.63,0.27
"DBR-SVMt x NS-XGB",0.89,0.07,0.04
"DBR-SVMt x PruDent-XGB",0.09,0.63,0.29
"DBR-SVMt x RDBR-XGB",0.59,0.24,0.17
"EBR-SVMt x ECC-SVMt",0.17,0.81,0.01
"EBR-SVMt x MBR-SVMt",0,0,1
"EBR-SVMt x NS-SVMt",0,0,1
"EBR-SVMt x PruDent-SVMt",0,0,1
"EBR-SVMt x RDBR-SVMt",0,0,1
"EBR-SVMt x BR-XGB",0,0,1
"EBR-SVMt x BR+-XGB",0,0,0.99
"EBR-SVMt x CC-XGB",0.03,0,0.97
"EBR-SVMt x DBR-XGB",0.01,0,0.99
"EBR-SVMt x EBR-XGB",0,0,1
"EBR-SVMt x ECC-XGB",0.01,0,0.99
"EBR-SVMt x MBR-XGB",0,0,1
"EBR-SVMt x NS-XGB",0.02,0,0.98
"EBR-SVMt x PruDent-XGB",0,0,1
"EBR-SVMt x RDBR-XGB",0,0,1
"ECC-SVMt x MBR-SVMt",0,0,1
"ECC-SVMt x NS-SVMt",0,0,1
"ECC-SVMt x PruDent-SVMt",0,0,1
"ECC-SVMt x RDBR-SVMt",0,0,1
"ECC-SVMt x BR-XGB",0,0,1
"ECC-SVMt x BR+-XGB",0,0,1
"ECC-SVMt x CC-XGB",0.02,0,0.98
"ECC-SVMt x DBR-XGB",0.01,0,0.99
"ECC-SVMt x EBR-XGB",0,0.01,0.99
"ECC-SVMt x ECC-XGB",0.01,0,0.99
"ECC-SVMt x MBR-XGB",0,0,1
"ECC-SVMt x NS-XGB",0,0,0.99
"ECC-SVMt x PruDent-XGB",0,0,1
"ECC-SVMt x RDBR-XGB",0,0,1
"MBR-SVMt x NS-SVMt",0.12,0.86,0.01
"MBR-SVMt x PruDent-SVMt",0,1,0
"MBR-SVMt x RDBR-SVMt",0.17,0.82,0
"MBR-SVMt x BR-XGB",0.44,0.56,0.01
"MBR-SVMt x BR+-XGB",0.97,0.02,0.01
"MBR-SVMt x CC-XGB",0.99,0.01,0
"MBR-SVMt x DBR-XGB",0.92,0.04,0.04
"MBR-SVMt x EBR-XGB",0.99,0,0.01
"MBR-SVMt x ECC-XGB",1,0,0
"MBR-SVMt x MBR-XGB",0.36,0.59,0.04
"MBR-SVMt x NS-XGB",0.97,0.02,0.01
"MBR-SVMt x PruDent-XGB",0.3,0.7,0.01
"MBR-SVMt x RDBR-XGB",0.92,0.07,0.01
"NS-SVMt x PruDent-SVMt",0.02,0.77,0.21
"NS-SVMt x RDBR-SVMt",0.02,0.98,0
"NS-SVMt x BR-XGB",0.3,0.57,0.12
"NS-SVMt x BR+-XGB",0.8,0.08,0.12
"NS-SVMt x CC-XGB",0.89,0.02,0.09
"NS-SVMt x DBR-XGB",0.73,0.17,0.1
"NS-SVMt x EBR-XGB",0.95,0.02,0.03
"NS-SVMt x ECC-XGB",0.98,0.01,0.02
"NS-SVMt x MBR-XGB",0.29,0.32,0.39
"NS-SVMt x NS-XGB",0.6,0.37,0.03
"NS-SVMt x PruDent-XGB",0.23,0.63,0.14
"NS-SVMt x RDBR-XGB",0.72,0.11,0.17
"PruDent-SVMt x RDBR-SVMt",0.23,0.77,0
"PruDent-SVMt x BR-XGB",0.75,0.23,0.01
"PruDent-SVMt x BR+-XGB",0.99,0,0.01
"PruDent-SVMt x CC-XGB",1,0,0
"PruDent-SVMt x DBR-XGB",0.98,0,0.02
"PruDent-SVMt x EBR-XGB",0.98,0,0.02
"PruDent-SVMt x ECC-XGB",0.99,0,0.01
"PruDent-SVMt x MBR-XGB",0.82,0.12,0.06
"PruDent-SVMt x NS-XGB",0.97,0.01,0.02
"PruDent-SVMt x PruDent-XGB",0.75,0.23,0.01
"PruDent-SVMt x RDBR-XGB",0.98,0.01,0.01
"RDBR-SVMt x BR-XGB",0.11,0.78,0.1
"RDBR-SVMt x BR+-XGB",0.84,0.08,0.08
"RDBR-SVMt x CC-XGB",0.88,0.03,0.1
"RDBR-SVMt x DBR-XGB",0.8,0.04,0.16
"RDBR-SVMt x EBR-XGB",0.93,0,0.07
"RDBR-SVMt x ECC-XGB",0.93,0,0.07
"RDBR-SVMt x MBR-XGB",0.13,0.61,0.27
"RDBR-SVMt x NS-XGB",0.83,0.1,0.07
"RDBR-SVMt x PruDent-XGB",0.08,0.79,0.13
"RDBR-SVMt x RDBR-XGB",0.64,0.25,0.11
"BR-XGB x BR+-XGB",0.16,0.84,0
"BR-XGB x CC-XGB",0.37,0.63,0
"BR-XGB x DBR-XGB",0.23,0.74,0.03
"BR-XGB x EBR-XGB",0.94,0.02,0.04
"BR-XGB x ECC-XGB",0.97,0,0.03
"BR-XGB x MBR-XGB",0,1,0
"BR-XGB x NS-XGB",0.14,0.86,0
"BR-XGB x PruDent-XGB",0,1,0
"BR-XGB x RDBR-XGB",0.03,0.97,0
"BR+-XGB x CC-XGB",0.41,0.43,0.16
"BR+-XGB x DBR-XGB",0,1,0
"BR+-XGB x EBR-XGB",0.79,0.01,0.2
"BR+-XGB x ECC-XGB",0.86,0,0.14
"BR+-XGB x MBR-XGB",0,0.54,0.45
"BR+-XGB x NS-XGB",0.05,0.86,0.09
"BR+-XGB x PruDent-XGB",0,0.74,0.26
"BR+-XGB x RDBR-XGB",0,1,0
"CC-XGB x DBR-XGB",0.35,0.07,0.59
"CC-XGB x EBR-XGB",0.62,0,0.38
"CC-XGB x ECC-XGB",0.75,0,0.25
"CC-XGB x MBR-XGB",0,0.25,0.75
"CC-XGB x NS-XGB",0,1,0
"CC-XGB x PruDent-XGB",0,0.41,0.59
"CC-XGB x RDBR-XGB",0.04,0.6,0.36
"DBR-XGB x EBR-XGB",0.79,0.01,0.2
"DBR-XGB x ECC-XGB",0.81,0,0.19
"DBR-XGB x MBR-XGB",0.07,0.5,0.43
"DBR-XGB x NS-XGB",0.16,0.53,0.32
"DBR-XGB x PruDent-XGB",0.01,0.7,0.3
"DBR-XGB x RDBR-XGB",0.02,0.86,0.12
"EBR-XGB x ECC-XGB",0.22,0.68,0.1
"EBR-XGB x MBR-XGB",0.02,0.02,0.95
"EBR-XGB x NS-XGB",0.35,0,0.65
"EBR-XGB x PruDent-XGB",0.03,0.01,0.95
"EBR-XGB x RDBR-XGB",0.12,0.01,0.87
"ECC-XGB x MBR-XGB",0.01,0,0.99
"ECC-XGB x NS-XGB",0.17,0,0.83
"ECC-XGB x PruDent-XGB",0.02,0,0.98
"ECC-XGB x RDBR-XGB",0.07,0,0.92
"MBR-XGB x NS-XGB",0.18,0.82,0
"MBR-XGB x PruDent-XGB",0,1,0
"MBR-XGB x RDBR-XGB",0.19,0.81,0
"NS-XGB x PruDent-XGB",0,0.8,0.2
"NS-XGB x RDBR-XGB",0.02,0.95,0.04
"PruDent-XGB x RDBR-XGB",0.04,0.96,0
